row_index,old_s3_url,new_s3_url,status,moving_logos
0,s3://nw-studio-nkb-uploads/old/otg_prod/2021/1-january/04-01-2021/04-01-2020-todosApplicationPart5-pjts-Hindi-V2-720p.mp4,s3://nxtwave-common-media-static/nw-studio-nkb-uploads/old/otg_prod/2021/1-january/04-01-2021/04-01-2020-todosApplicationPart5-pjts-Hindi-V2-720p_ibhlr.mp4,success,"NX IB 3@2m21s(left-to-right,22px);NX IB 3@3m37s(right-to-left,32px);Only IB HUbs@5m43s(left-to-right,12px);Logo Bottom Right 2@5m43s(left-to-right,13px);NX IB 3@5m43s(left-to-right,13px);NX IB 3@21m35s(left-to-right,32px);NX IB 3@22m27s(right-to-left,32px);NX IB 3@22m27s(right-to-left,32px);Only IB HUbs@36m4s(left-to-right,12px);Logo Bottom Right 2@36m4s(left-to-right,13px);NX IB 3@36m4s(left-to-right,13px);Only IB HUbs@45m43s(right-to-left,12px);Logo Bottom Right 2@45m43s(right-to-left,13px);NX IB 3@45m43s(right-to-left,13px)"
1,s3://nw-studio-nkb-uploads/old/otg_prod/31-10-2020/31-01-2020-essentialQualities-passionToGrow-Telugu-V1-720p.mp4,s3://nxtwave-common-media-static/nw-studio-nkb-uploads/old/otg_prod/31-10-2020/31-01-2020-essentialQualities-passionToGrow-Telugu-V1-720p_ibhlr.mp4,success,
2,s3://nw-studio-nkb-uploads/old/otg_prod/2021/7-July/28-07-2021/28-07-2020-introductionToDynamicWebApplications-Telugu-V1-720p.mp4,s3://nxtwave-common-media-static/nw-studio-nkb-uploads/old/otg_prod/2021/7-July/28-07-2021/28-07-2020-introductionToDynamicWebApplications-Telugu-V1-720p_ibhlr.mp4,success,
3,s3://nw-studio-nkb-uploads/old/otg_prod/2021/8-August/18-08-2021/18-08-2020-domAndEventFundamentals-Telugu-V2-720p.mp4,s3://nxtwave-common-media-static/nw-studio-nkb-uploads/old/otg_prod/2021/8-August/18-08-2021/18-08-2020-domAndEventFundamentals-Telugu-V2-720p_ibhlr.mp4,success,
4,s3://nw-studio-nkb-uploads/ccbp_prod/media/video_content/xpm_fundamentals/introduction_to_xpm/hindi/05-09-2020-introductionToXPM4.0-Hindi_V1.mp4,,error: Expected output not found: ./processed_videos4/05-09-2020-introductionToXPM4.0-Hindi_V1_ibhlr.mp4,
5,s3://nw-studio-nkb-uploads/old/otg_prod/02-10-2020/02-10-2020-Announcements-English-V1.mp4,s3://nxtwave-common-media-static/nw-studio-nkb-uploads/old/otg_prod/02-10-2020/02-10-2020-Announcements-English-V1_ibhlr.mp4,success,"Only IB HUbs@0m39s(right-to-left,21px);Logo Bottom Right 2@0m39s(right-to-left,785px);NX IB 3@0m39s(right-to-left,21px);Nxtwave With IB Small@15m16s(right-to-left,231px)"
6,s3://nw-studio-nkb-uploads/old/otg_prod/02-10-2020/02-10-2020-Announcements-Telugu-V1.mp4,s3://nxtwave-common-media-static/nw-studio-nkb-uploads/old/otg_prod/02-10-2020/02-10-2020-Announcements-Telugu-V1_ibhlr.mp4,success,"Only IB HUbs@0m44s(right-to-left,51px);Logo Bottom Right 2@0m44s(right-to-left,52px);NX IB 3@0m44s(right-to-left,52px);Nxtwave With IB in Slide@0m45s(right-to-left,500px);Only IB HUbs@15m57s(right-to-left,42px);Logo Bottom Right 2@15m57s(right-to-left,529px);NX IB 3@15m57s(right-to-left,42px)"
7,s3://nw-studio-nkb-uploads/old/otg_prod/2-11-2020/02-10-2020-codeWalkthrough3-English-V1-720p.mp4,s3://nxtwave-common-media-static/nw-studio-nkb-uploads/old/otg_prod/2-11-2020/02-10-2020-codeWalkthrough3-English-V1-720p_ibhlr.mp4,success,
8,s3://nw-studio-nkb-uploads/old/otg_prod/05-10-2020/05-10-2020 -entrepreneurship and management-telugu.mp4,s3://nxtwave-common-media-static/nw-studio-nkb-uploads/old/otg_prod/05-10-2020/05-10-2020 -entrepreneurship and management-telugu_ibhlr.mp4,success,"Only IB HUbs@0m37s(right-to-left,119px);Logo Bottom Right 2@0m37s(right-to-left,118px);NX IB 3@0m37s(right-to-left,118px)"
10,s3://nw-studio-nkb-uploads/old/otg_prod/05-10-2020/05-10-2020-FinalAssignment-A-Hindi.mp4,s3://nxtwave-common-media-static/nw-studio-nkb-uploads/old/otg_prod/05-10-2020/05-10-2020-FinalAssignment-A-Hindi_ibhlr.mp4,success,"Only IB HUbs@23m31s(right-to-left,78px);Logo Bottom Right 2@23m31s(right-to-left,921px);NX IB 3@23m31s(right-to-left,79px);Nxtwave With IB Small@25m10s(right-to-left,41px);Only IB HUbs@26m15s(right-to-left,43px);Logo Bottom Right 2@26m15s(right-to-left,789px);NX IB 3@26m15s(right-to-left,44px);Only IB HUbs@39m25s(right-to-left,105px);Logo Bottom Right 2@39m25s(right-to-left,657px);NX IB 3@39m25s(right-to-left,105px);Only IB HUbs@40m4s(right-to-left,123px);Logo Bottom Right 2@40m4s(right-to-left,123px);NX IB 3@40m4s(right-to-left,123px);Nxtwave With IB Small@40m36s(right-to-left,134px);Nxtwave With IB Small@42m48s(right-to-left,17px);Only IB HUbs@44m48s(right-to-left,87px);Logo Bottom Right 2@44m48s(right-to-left,88px);NX IB 3@44m48s(right-to-left,88px);Nxtwave With IB in Slide@44m49s(right-to-left,539px);Only IB HUbs@44m52s(right-to-left,454px);Logo Bottom Right 2@44m52s(right-to-left,454px);NX IB 3@44m52s(right-to-left,179px);Nxtwave With IB in Slide@44m49s(right-to-left,367px);Nxtwave With IB in Slide@44m53s(left-to-right,438px);Only IB HUbs@44m59s(right-to-left,357px);Logo Bottom Right 2@44m59s(right-to-left,357px);NX IB 3@44m59s(right-to-left,357px);Nxtwave With IB in Slide@44m53s(left-to-right,98px);Nxtwave With IB in Slide@45m0s(right-to-left,616px)"
12,s3://nw-studio-nkb-uploads/old/otg_prod/05-10-2020/05-10-2020-entrepreneurship and management-English.mp4,s3://nxtwave-common-media-static/nw-studio-nkb-uploads/old/otg_prod/05-10-2020/05-10-2020-entrepreneurship and management-English_ibhlr.mp4,success,"Only IB HUbs@0m36s(right-to-left,124px);Logo Bottom Right 2@0m36s(right-to-left,1002px);NX IB 3@0m36s(right-to-left,124px)"
13,s3://nw-studio-nkb-uploads/old/otg_prod/07-10-2020/07-10-2020-CCBP4.0-MLProjectWorkflowAssignment-English-V1-720p-1.7.mp4,s3://nxtwave-common-media-static/nw-studio-nkb-uploads/old/otg_prod/07-10-2020/07-10-2020-CCBP4.0-MLProjectWorkflowAssignment-English-V1-720p-1.7_ibhlr.mp4,success,
14,s3://nw-studio-nkb-uploads/old/otg_prod/07-10-2020/07-10-2020-IntroductionToAlgorithms-SearchingAlgorithms-English-v1-720p.mp4,s3://nxtwave-common-media-static/nw-studio-nkb-uploads/old/otg_prod/07-10-2020/07-10-2020-IntroductionToAlgorithms-SearchingAlgorithms-English-v1-720p_ibhlr.mp4,success,"Only IB HUbs@1m26s(right-to-left,439px);Logo Bottom Right 2@1m26s(right-to-left,440px);NX IB 3@1m26s(right-to-left,14px);Nxtwave With IB in Slide@1m27s(left-to-right,429px)"
15,s3://nw-studio-nkb-uploads/old/otg_prod/07-10-2020/07-10-2020-UnderstandingTheNatureOfACompany-English-V1-720p-1.7.mp4,s3://nxtwave-common-media-static/nw-studio-nkb-uploads/old/otg_prod/07-10-2020/07-10-2020-UnderstandingTheNatureOfACompany-English-V1-720p-1.7_ibhlr.mp4,success,"IB HUbs In Slide@0m9s(right-to-left,18px);IB Co In Slide@0m9s(right-to-left,80px);Only IB HUbs@5m55s(right-to-left,48px);Logo Bottom Right 2@5m55s(right-to-left,48px);NX IB 3@5m55s(right-to-left,48px);Nxtwave With IB in Slide@5m56s(right-to-left,496px)"
16,s3://nw-studio-nkb-uploads/old/otg_prod/07-10-2020/07-10-2020-UnderstandingTheNatureOfACompany-Telugu-V1-720p-1.7.mp4,s3://nxtwave-common-media-static/nw-studio-nkb-uploads/old/otg_prod/07-10-2020/07-10-2020-UnderstandingTheNatureOfACompany-Telugu-V1-720p-1.7_ibhlr.mp4,success,"IB HUbs In Slide@0m11s(right-to-left,42px);IB Co In Slide@0m11s(right-to-left,42px);Nxtwave With IB Small@5m48s(right-to-left,41px)"
17,s3://nw-studio-nkb-uploads/old/otg_prod/07-10-2020/07-10-2020-UndestandingTheNatureOfaCompany-Hindi-v1-720p.mp4,s3://nxtwave-common-media-static/nw-studio-nkb-uploads/old/otg_prod/07-10-2020/07-10-2020-UndestandingTheNatureOfaCompany-Hindi-v1-720p_ibhlr.mp4,success,"IB HUbs In Slide@0m21s(right-to-left,16px);IB Co In Slide@0m21s(right-to-left,15px)"
18,s3://nw-studio-nkb-uploads/ccbp_prod/media/video_content/tech_foundations/programming_foundations/english/08-10-2020-ProgrammingWithPython-English-V2.mp4,,error: Expected output not found: ./processed_videos18/08-10-2020-ProgrammingWithPython-English-V2_ibhlr.mp4,
19,s3://nw-studio-nkb-uploads/old/otg_prod/08-10-2020/08-10-2020-IntroductionProgrammingWithPython-Hindi-720p.mp4,s3://nxtwave-common-media-static/nw-studio-nkb-uploads/old/otg_prod/08-10-2020/08-10-2020-IntroductionProgrammingWithPython-Hindi-720p_ibhlr.mp4,success,"Only IB HUbs@0m16s(right-to-left,124px);Logo Bottom Right 2@0m16s(right-to-left,994px);NX IB 3@0m16s(right-to-left,124px)"
20,s3://nw-studio-nkb-uploads/old/otg_prod/08-10-2020/08-10-2020-IntroductionToPython-English-720p.mp4,s3://nxtwave-common-media-static/nw-studio-nkb-uploads/old/otg_prod/08-10-2020/08-10-2020-IntroductionToPython-English-720p_ibhlr.mp4,success,"Nxtwave With IB Small@0m32s(right-to-left,279px)"
21,s3://nw-studio-nkb-uploads/old/otg_prod/08-10-2020/08-10-2020-UnderstandingTheNatureOfACompany-English-720p.mp4,s3://nxtwave-common-media-static/nw-studio-nkb-uploads/old/otg_prod/08-10-2020/08-10-2020-UnderstandingTheNatureOfACompany-English-720p_ibhlr.mp4,success,"IB HUbs In Slide@0m10s(right-to-left,35px);IB Co In Slide@0m10s(right-to-left,35px);Only IB HUbs@6m26s(right-to-left,40px);Logo Bottom Right 2@6m26s(right-to-left,933px);NX IB 3@6m26s(right-to-left,41px)"
22,s3://nw-studio-nkb-uploads/old/otg_prod/08-10-2020/08-10-2020-UnderstandingTheNatureOfACompany-Hindi_720p.mp4,s3://nxtwave-common-media-static/nw-studio-nkb-uploads/old/otg_prod/08-10-2020/08-10-2020-UnderstandingTheNatureOfACompany-Hindi_720p_ibhlr.mp4,success,"IB HUbs In Slide@0m16s(right-to-left,14px);Nxtwave With IB Small@6m19s(right-to-left,44px)"
23,s3://nw-studio-nkb-uploads/old/otg_prod/08-10-2020/08-10-2020-UnderstandingTheNatureOfACompany-Telugu-720p.mp4,s3://nxtwave-common-media-static/nw-studio-nkb-uploads/old/otg_prod/08-10-2020/08-10-2020-UnderstandingTheNatureOfACompany-Telugu-720p_ibhlr.mp4,success,"Nxtwave With IB in Slide@0m12s(right-to-left,16px);Nxtwave With IB Small@8m8s(right-to-left,326px)"
24,s3://nw-studio-nkb-uploads/old/otg_prod/09-10-2020/09-10-2020-AnalysingAlgorithms-English-720p.mp4,s3://nxtwave-common-media-static/nw-studio-nkb-uploads/old/otg_prod/09-10-2020/09-10-2020-AnalysingAlgorithms-English-720p_ibhlr.mp4,success,
25,s3://nw-studio-nkb-uploads/old/otg_prod/09-10-2020/09-10-2020-Week-1AssignmentDay-English-720p.mp4,s3://nxtwave-common-media-static/nw-studio-nkb-uploads/old/otg_prod/09-10-2020/09-10-2020-Week-1AssignmentDay-English-720p_ibhlr.mp4,success,"IB HUbs In Slide@0m11s(right-to-left,35px);IB Co In Slide@0m11s(right-to-left,34px);Medium IB HUbs Author In Slide@21m55s(bottom-to-top,29px);IB HUbs Full Screen@21m55s(bottom-to-top,29px)"
26,s3://nw-studio-nkb-uploads/old/otg_prod/09-10-2020/09-10-2020-Week-1AssignmentDay-Hindi-720p.mp4,s3://nxtwave-common-media-static/nw-studio-nkb-uploads/old/otg_prod/09-10-2020/09-10-2020-Week-1AssignmentDay-Hindi-720p_ibhlr.mp4,success,"IB HUbs In Slide@0m18s(right-to-left,64px)"
27,s3://nw-studio-nkb-uploads/old/otg_prod/09-10-2020/09-10-2020-Week-1AssignmentDay-Telugu-720p.mp4,s3://nxtwave-common-media-static/nw-studio-nkb-uploads/old/otg_prod/09-10-2020/09-10-2020-Week-1AssignmentDay-Telugu-720p_ibhlr.mp4,success,"IB HUbs In Slide@0m13s(right-to-left,56px);IB Co In Slide@0m13s(right-to-left,55px);Nxtwave With IB Small@21m59s(bottom-to-top,175px)"
28,s3://nw-studio-nkb-uploads/old/otg_prod/17-10-2020/09-10-2020-IdentityPart3-English-720p.mp4,s3://nxtwave-common-media-static/nw-studio-nkb-uploads/old/otg_prod/17-10-2020/09-10-2020-IdentityPart3-English-720p_ibhlr.mp4,success,
29,s3://nw-studio-nkb-uploads/old/otg_prod/17-10-2020/09-10-2020-IdentityPart3-Hindi-720p-v2.mp4,s3://nxtwave-common-media-static/nw-studio-nkb-uploads/old/otg_prod/17-10-2020/09-10-2020-IdentityPart3-Hindi-720p-v2_ibhlr.mp4,success,
30,s3://nw-studio-nkb-uploads/old/otg_prod/17-10-2020/09-10-2020-IdentityPart3-Hindi-720p.mp4,s3://nxtwave-common-media-static/nw-studio-nkb-uploads/old/otg_prod/17-10-2020/09-10-2020-IdentityPart3-Hindi-720p_ibhlr.mp4,success,
31,s3://nw-studio-nkb-uploads/old/otg_prod/17-10-2020/09-10-2020-IdentityPart3-Telugu-720p.mp4,s3://nxtwave-common-media-static/nw-studio-nkb-uploads/old/otg_prod/17-10-2020/09-10-2020-IdentityPart3-Telugu-720p_ibhlr.mp4,success,
32,s3://nw-studio-nkb-uploads/old/otg_prod/10-10-2020/10-10-2020-XPM-Identity-Part-1A-English-V1-720p-1.7.mp4,s3://nxtwave-common-media-static/nw-studio-nkb-uploads/old/otg_prod/10-10-2020/10-10-2020-XPM-Identity-Part-1A-English-V1-720p-1.7_ibhlr.mp4,success,
33,s3://nw-studio-nkb-uploads/old/otg_prod/10-10-2020/10-10-2020-XPM-Identity-Part-1A-Hindi-V1-720p-1.7.mp4,s3://nxtwave-common-media-static/nw-studio-nkb-uploads/old/otg_prod/10-10-2020/10-10-2020-XPM-Identity-Part-1A-Hindi-V1-720p-1.7_ibhlr.mp4,success,
34,s3://nw-studio-nkb-uploads/old/otg_prod/10-10-2020/10-10-2020-XPM-Identity-Part-1A-Telugu-V1-720p-1.7.mp4,s3://nxtwave-common-media-static/nw-studio-nkb-uploads/old/otg_prod/10-10-2020/10-10-2020-XPM-Identity-Part-1A-Telugu-V1-720p-1.7_ibhlr.mp4,success,
35,s3://nw-studio-nkb-uploads/old/otg_prod/12-10-2020/11-10-2020-CodingPlatformWalkThrough-English-V1-720p-1.7.mp4,s3://nxtwave-common-media-static/nw-studio-nkb-uploads/old/otg_prod/12-10-2020/11-10-2020-CodingPlatformWalkThrough-English-V1-720p-1.7_ibhlr.mp4,success,"IB HUbs In Slide@0m18s(right-to-left,50px);IB Co In Slide@0m18s(right-to-left,50px)"
36,s3://nw-studio-nkb-uploads/old/otg_prod/12-10-2020/11-10-2020-CodingPlatformWalkThrough-Hindi-v1-720p-1.7.mp4,s3://nxtwave-common-media-static/nw-studio-nkb-uploads/old/otg_prod/12-10-2020/11-10-2020-CodingPlatformWalkThrough-Hindi-v1-720p-1.7_ibhlr.mp4,success,"IB HUbs In Slide@0m20s(right-to-left,28px);IB Co In Slide@0m20s(right-to-left,28px)"
37,s3://nw-studio-nkb-uploads/old/otg_prod/12-10-2020/11-10-2020-CodingPlatformWalkThrough-Telugu-v1-720p-1.7.mp4,s3://nxtwave-common-media-static/nw-studio-nkb-uploads/old/otg_prod/12-10-2020/11-10-2020-CodingPlatformWalkThrough-Telugu-v1-720p-1.7_ibhlr.mp4,success,"IB HUbs In Slide@1m15s(right-to-left,29px);IB Co In Slide@1m15s(right-to-left,29px)"
38,s3://nw-studio-nkb-uploads/old/otg_prod/12-10-2020/12-10-2020-BestWorstAverageCaseOfAnAlgorithm-English-v1-720p-1.7.mp4,s3://nxtwave-common-media-static/nw-studio-nkb-uploads/old/otg_prod/12-10-2020/12-10-2020-BestWorstAverageCaseOfAnAlgorithm-English-v1-720p-1.7_ibhlr.mp4,success,"Only IB HUbs@3m29s(right-to-left,44px);Logo Bottom Right 2@3m29s(right-to-left,851px);NX IB 3@3m29s(right-to-left,45px)"
39,s3://nw-studio-nkb-uploads/old/otg_prod/12-10-2020/12-10-2020-CodingPlatformWalkthrough-Telugu-V2-720p-1.7.mp4,s3://nxtwave-common-media-static/nw-studio-nkb-uploads/old/otg_prod/12-10-2020/12-10-2020-CodingPlatformWalkthrough-Telugu-V2-720p-1.7_ibhlr.mp4,success,"IB HUbs In Slide@1m18s(right-to-left,23px);IB Co In Slide@1m18s(right-to-left,23px)"
40,s3://nw-studio-nkb-uploads/old/otg_prod/12-10-2020/12-10-2020-Identity-Part-5-English-V1-720p-1.7.mp4,s3://nxtwave-common-media-static/nw-studio-nkb-uploads/old/otg_prod/12-10-2020/12-10-2020-Identity-Part-5-English-V1-720p-1.7_ibhlr.mp4,success,
41,s3://nw-studio-nkb-uploads/old/otg_prod/12-10-2020/12-10-2020-Identity-Part-5-Telugu-V1-720p-1.7.mp4,s3://nw-studio-nkb-uploads/old/otg_prod/12-10-2020/12-10-2020-Identity-Part-5-Telugu-V1-720p-1.7_ibhlr.mp4,success,
42,s3://nw-studio-nkb-uploads/old/otg_prod/12-10-2020/12-10-2020-Identity-Part5-Hindi-V1-720p-1.7.mp4,s3://nxtwave-common-media-static/nw-studio-nkb-uploads/old/otg_prod/12-10-2020/12-10-2020-Identity-Part5-Hindi-V1-720p-1.7_ibhlr.mp4,success,
43,s3://nw-studio-nkb-uploads/old/otg_prod/12-10-2020/12-10-2020-IntroductionToCSS-Part5-English-720p-1.7.mp4,s3://nxtwave-common-media-static/nw-studio-nkb-uploads/old/otg_prod/12-10-2020/12-10-2020-IntroductionToCSS-Part5-English-720p-1.7_ibhlr.mp4,success,
44,s3://nw-studio-nkb-uploads/old/otg_prod/12-10-2020/12-10-2020-IntroductionToCSS-Part5-Hindi-720p-1.7.mp4,s3://nxtwave-common-media-static/nw-studio-nkb-uploads/old/otg_prod/12-10-2020/12-10-2020-IntroductionToCSS-Part5-Hindi-720p-1.7_ibhlr.mp4,success,
45,s3://nw-studio-nkb-uploads/old/otg_prod/12-10-2020/12-10-2020-IntroductionToCssPart5-Telugu-720p-1.7.mp4,,error: batch-delogo exited with code 1,
46,s3://nw-studio-nkb-uploads/old/otg_prod/12-10-2020/12-10-2020-Week1-AssignmentDiscussion-English-v1-720p-1.7.mp4,s3://nxtwave-common-media-static/nw-studio-nkb-uploads/old/otg_prod/12-10-2020/12-10-2020-Week1-AssignmentDiscussion-English-v1-720p-1.7_ibhlr.mp4,success,
47,s3://nw-studio-nkb-uploads/old/otg_prod/12-10-2020/12-10-2020-Week1-AssignmentDiscussion-Hindi-V1-720p-1.7.mp4,s3://nxtwave-common-media-static/nw-studio-nkb-uploads/old/otg_prod/12-10-2020/12-10-2020-Week1-AssignmentDiscussion-Hindi-V1-720p-1.7_ibhlr.mp4,success,
48,s3://nw-studio-nkb-uploads/old/otg_prod/12-10-2020/12-10-2020-Week1-AssignmentDiscussion-Telugu-v1-720p.mp4,s3://nxtwave-common-media-static/nw-studio-nkb-uploads/old/otg_prod/12-10-2020/12-10-2020-Week1-AssignmentDiscussion-Telugu-v1-720p_ibhlr.mp4,success,
49,s3://nw-studio-nkb-uploads/old/otg_prod/13-10-2020/13-10-2020-BasicsOfEntrepreneurship-English-v1-720p-1.7.mp4,s3://nxtwave-common-media-static/nw-studio-nkb-uploads/old/otg_prod/13-10-2020/13-10-2020-BasicsOfEntrepreneurship-English-v1-720p-1.7_ibhlr.mp4,success,"IB HUbs In Slide@0m10s(right-to-left,81px);IB Co In Slide@0m10s(right-to-left,80px);Only IB HUbs@1m14s(right-to-left,59px);Logo Bottom Right 2@1m14s(right-to-left,59px);NX IB 3@1m14s(right-to-left,59px);Only IB HUbs@1m16s(right-to-left,118px);Logo Bottom Right 2@1m16s(right-to-left,119px);NX IB 3@1m16s(right-to-left,119px);Only IB HUbs@2m12s(right-to-left,84px);Logo Bottom Right 2@2m12s(right-to-left,85px);NX IB 3@2m12s(right-to-left,85px);Nxtwave With IB Small@5m25s(left-to-right,28px);Only IB HUbs@5m33s(right-to-left,95px);Logo Bottom Right 2@5m33s(right-to-left,95px);NX IB 3@5m33s(right-to-left,95px);Nxtwave With IB in Slide@5m34s(right-to-left,578px);Only IB HUbs@5m37s(right-to-left,122px);Logo Bottom Right 2@5m37s(right-to-left,122px);NX IB 3@5m37s(right-to-left,122px);Nxtwave With IB in Slide@5m34s(right-to-left,28px);Nxtwave With IB in Slide@5m38s(right-to-left,596px);Only IB HUbs@6m8s(right-to-left,74px);Logo Bottom Right 2@6m8s(right-to-left,601px);NX IB 3@6m8s(right-to-left,74px);Nxtwave With IB Small@6m45s(right-to-left,166px);Only IB HUbs@7m13s(right-to-left,286px);Logo Bottom Right 2@7m13s(right-to-left,286px);NX IB 3@7m13s(right-to-left,286px);Only IB HUbs@9m35s(left-to-right,281px);Logo Bottom Right 2@9m35s(left-to-right,281px);NX IB 3@9m35s(left-to-right,281px);Only IB HUbs@9m39s(right-to-left,406px);Logo Bottom Right 2@9m39s(right-to-left,407px);NX IB 3@9m39s(right-to-left,143px);Nxtwave With IB in Slide@9m35s(right-to-left,125px);Nxtwave With IB in Slide@9m40s(right-to-left,585px);Nxtwave With IB Small@10m26s(left-to-right,39px);Only IB HUbs@10m50s(right-to-left,32px);Logo Bottom Right 2@10m50s(right-to-left,820px);NX IB 3@10m50s(right-to-left,33px);Only IB HUbs@11m23s(right-to-left,26px);Logo Bottom Right 2@11m23s(right-to-left,26px);NX IB 3@11m23s(right-to-left,26px);Nxtwave With IB Small@14m25s(right-to-left,135px);Only IB HUbs@14m30s(right-to-left,168px);Logo Bottom Right 2@14m30s(right-to-left,168px);NX IB 3@14m30s(right-to-left,168px);Only IB HUbs@14m45s(right-to-left,79px);Logo Bottom Right 2@14m45s(right-to-left,952px);NX IB 3@14m45s(right-to-left,80px);Only IB HUbs@15m5s(right-to-left,392px);Logo Bottom Right 2@15m5s(right-to-left,392px);NX IB 3@15m5s(right-to-left,115px);Nxtwave With IB in Slide@15m6s(left-to-right,256px);Nxtwave With IB in Slide@15m6s(left-to-right,256px);Only IB HUbs@15m7s(bottom-to-top,0px);Logo Bottom Right 2@15m7s(bottom-to-top,0px);NX IB 3@15m7s(bottom-to-top,0px);Nxtwave With IB in Slide@15m8s(right-to-left,572px);Only IB HUbs@15m12s(right-to-left,229px);Logo Bottom Right 2@15m12s(right-to-left,230px);NX IB 3@15m12s(right-to-left,230px);Nxtwave With IB in Slide@15m8s(right-to-left,93px);Nxtwave With IB in Slide@15m13s(right-to-left,603px);Nxtwave With IB Small@15m42s(right-to-left,288px);Nxtwave With IB Small@16m25s(right-to-left,258px);Nxtwave With IB Small@23m54s(right-to-left,212px);Only IB HUbs@24m20s(right-to-left,484px);Logo Bottom Right 2@24m20s(right-to-left,484px);NX IB 3@24m20s(right-to-left,37px)"
50,s3://nw-studio-nkb-uploads/old/otg_prod/13-10-2020/13-10-2020-BasicsOfEntrepreneurship-Hindi-V1-720p-1.7.mp4,s3://nxtwave-common-media-static/nw-studio-nkb-uploads/old/otg_prod/13-10-2020/13-10-2020-BasicsOfEntrepreneurship-Hindi-V1-720p-1.7_ibhlr.mp4,success,"IB HUbs In Slide@0m25s(right-to-left,30px);Only IB HUbs@1m20s(right-to-left,309px);Logo Bottom Right 2@1m20s(right-to-left,309px);NX IB 3@1m20s(right-to-left,309px);Nxtwave With IB in Slide@1m21s(right-to-left,622px);Only IB HUbs@1m33s(right-to-left,26px);Logo Bottom Right 2@1m33s(right-to-left,866px);NX IB 3@1m33s(right-to-left,27px);Only IB HUbs@2m39s(right-to-left,74px);Logo Bottom Right 2@2m39s(right-to-left,884px);NX IB 3@2m39s(right-to-left,75px);Nxtwave With IB Small@2m57s(right-to-left,41px);Only IB HUbs@3m31s(right-to-left,17px);Logo Bottom Right 2@3m31s(right-to-left,17px);NX IB 3@3m31s(right-to-left,17px);Only IB HUbs@8m14s(right-to-left,73px);Logo Bottom Right 2@8m14s(right-to-left,944px);NX IB 3@8m14s(right-to-left,74px);Nxtwave With IB Small@9m12s(right-to-left,277px);Nxtwave With IB Small@9m47s(right-to-left,95px);Nxtwave With IB Small@12m14s(right-to-left,115px);Nxtwave With IB Small@12m50s(right-to-left,53px);Only IB HUbs@14m48s(right-to-left,121px);Logo Bottom Right 2@14m48s(right-to-left,121px);NX IB 3@14m48s(right-to-left,121px);Only IB HUbs@15m43s(right-to-left,68px);Logo Bottom Right 2@15m43s(right-to-left,68px);NX IB 3@15m43s(right-to-left,68px);Nxtwave With IB in Slide@15m44s(right-to-left,521px);Nxtwave With IB Small@16m34s(right-to-left,20px);Nxtwave With IB Small@17m18s(right-to-left,36px);Nxtwave With IB Small@18m11s(right-to-left,33px);Nxtwave With IB Small@21m19s(right-to-left,221px);Nxtwave With IB Small@21m55s(right-to-left,129px);Only IB HUbs@22m1s(right-to-left,108px);Logo Bottom Right 2@22m1s(right-to-left,663px);NX IB 3@22m1s(right-to-left,107px);Only IB HUbs@24m41s(right-to-left,79px);Logo Bottom Right 2@24m41s(right-to-left,80px);NX IB 3@24m41s(right-to-left,80px);Nxtwave With IB in Slide@24m42s(right-to-left,533px);Nxtwave With IB Small@25m38s(right-to-left,48px)"
51,s3://nw-studio-nkb-uploads/old/otg_prod/13-10-2020/13-10-2020-BasicsOfEntrepreneurship-Telugu-v1-720p-1.7.mp4,s3://nxtwave-common-media-static/nw-studio-nkb-uploads/old/otg_prod/13-10-2020/13-10-2020-BasicsOfEntrepreneurship-Telugu-v1-720p-1.7_ibhlr.mp4,success,"IB HUbs In Slide@0m17s(right-to-left,19px);IB Co In Slide@0m17s(right-to-left,113px);Only IB HUbs@1m22s(right-to-left,16px);Logo Bottom Right 2@1m22s(right-to-left,17px);NX IB 3@1m22s(right-to-left,17px);Only IB HUbs@1m23s(left-to-right,76px);Only IB HUbs@1m24s(right-to-left,115px);Logo Bottom Right 2@1m24s(right-to-left,115px);NX IB 3@1m24s(right-to-left,115px);Only IB HUbs@2m12s(right-to-left,30px);Logo Bottom Right 2@2m12s(right-to-left,527px);NX IB 3@2m12s(right-to-left,30px);Nxtwave With IB Small@2m47s(right-to-left,38px);Only IB HUbs@3m11s(right-to-left,44px);Logo Bottom Right 2@3m11s(right-to-left,563px);NX IB 3@3m11s(right-to-left,44px);Nxtwave With IB Small@5m14s(right-to-left,22px);Only IB HUbs@5m19s(right-to-left,343px);Logo Bottom Right 2@5m19s(right-to-left,987px);NX IB 3@5m19s(right-to-left,343px);Nxtwave With IB in Slide@5m20s(left-to-right,643px);Only IB HUbs@5m29s(right-to-left,364px);Logo Bottom Right 2@5m29s(right-to-left,364px);NX IB 3@5m29s(right-to-left,364px);Nxtwave With IB in Slide@5m20s(left-to-right,623px);Nxtwave With IB in Slide@5m30s(right-to-left,588px);Only IB HUbs@5m42s(right-to-left,135px);Logo Bottom Right 2@5m42s(right-to-left,136px);NX IB 3@5m42s(right-to-left,136px);Nxtwave With IB Small@6m24s(right-to-left,262px);Nxtwave With IB Small@7m4s(left-to-right,51px);Nxtwave With IB Small@7m35s(right-to-left,60px);Nxtwave With IB Small@10m13s(right-to-left,118px);Logo Bottom Right 2@10m15s(left-to-right,1000px);Only IB HUbs@10m24s(right-to-left,88px);Logo Bottom Right 2@10m24s(right-to-left,88px);NX IB 3@10m24s(right-to-left,88px);Nxtwave With IB in Slide@10m25s(right-to-left,508px);Only IB HUbs@10m51s(right-to-left,106px);Logo Bottom Right 2@10m51s(right-to-left,657px);NX IB 3@10m51s(right-to-left,106px);Nxtwave With IB Small@11m12s(right-to-left,108px);Nxtwave With IB Small@13m47s(right-to-left,146px);Only IB HUbs@13m52s(left-to-right,31px);Logo Bottom Right 2@13m52s(left-to-right,30px);NX IB 3@13m52s(left-to-right,30px);Nxtwave With IB Small@14m10s(right-to-left,126px);Logo Bottom Right 2@14m36s(right-to-left,905px);Nxtwave With IB Small@14m43s(right-to-left,21px);Logo Bottom Right 2@14m44s(left-to-right,905px);Nxtwave With IB Small@15m31s(right-to-left,229px);Only IB HUbs@16m32s(right-to-left,397px);Logo Bottom Right 2@16m32s(right-to-left,398px);NX IB 3@16m32s(right-to-left,137px);Nxtwave With IB Small@18m21s(right-to-left,254px);Nxtwave With IB Small@21m4s(right-to-left,42px);Only IB HUbs@21m5s(right-to-left,25px);Logo Bottom Right 2@21m5s(right-to-left,25px);NX IB 3@21m5s(right-to-left,25px);Nxtwave With IB Small@21m32s(right-to-left,244px);Only IB HUbs@22m21s(right-to-left,244px);Logo Bottom Right 2@22m21s(right-to-left,245px);NX IB 3@22m21s(right-to-left,245px);Nxtwave With IB in Slide@22m22s(right-to-left,669px)"
52,s3://nw-studio-nkb-uploads/old/otg_prod/14-10-2020/14-10-2020-Arrays-Sliding-Window-English-v1-720p-1.7.mp4,s3://nxtwave-common-media-static/nw-studio-nkb-uploads/old/otg_prod/14-10-2020/14-10-2020-Arrays-Sliding-Window-English-v1-720p-1.7_ibhlr.mp4,success,"Only IB HUbs@1m13s(right-to-left,255px);Logo Bottom Right 2@1m13s(right-to-left,256px);NX IB 3@1m13s(right-to-left,256px);Nxtwave With IB in Slide@1m14s(right-to-left,641px)"
53,s3://nw-studio-nkb-uploads/old/otg_prod/14-10-2020/14-10-2020-Identifying Opportunities-English-v1-720p-1.7.mp4,s3://nxtwave-common-media-static/nw-studio-nkb-uploads/old/otg_prod/14-10-2020/14-10-2020-Identifying Opportunities-English-v1-720p-1.7_ibhlr.mp4,success,"IB HUbs In Slide@0m9s(right-to-left,99px);IB Co In Slide@0m9s(right-to-left,99px);Only IB HUbs@0m29s(right-to-left,31px);Logo Bottom Right 2@0m29s(right-to-left,31px);NX IB 3@0m29s(right-to-left,31px);Nxtwave With IB in Slide@0m30s(right-to-left,468px);Nxtwave With IB Small@1m20s(right-to-left,113px);Only IB HUbs@2m17s(right-to-left,107px);Logo Bottom Right 2@2m17s(right-to-left,106px);NX IB 3@2m17s(right-to-left,106px);Only IB HUbs@2m39s(right-to-left,158px);Logo Bottom Right 2@2m39s(right-to-left,159px);NX IB 3@2m39s(right-to-left,159px);Nxtwave With IB in Slide@2m40s(right-to-left,583px);Only IB HUbs@3m0s(right-to-left,122px);Logo Bottom Right 2@3m0s(right-to-left,966px);NX IB 3@3m0s(right-to-left,122px);Only IB HUbs@3m55s(right-to-left,33px);Logo Bottom Right 2@3m55s(right-to-left,824px);NX IB 3@3m55s(right-to-left,34px);Only IB HUbs@4m35s(right-to-left,121px);Logo Bottom Right 2@4m35s(right-to-left,120px);NX IB 3@4m35s(right-to-left,120px);Nxtwave With IB Small@7m9s(left-to-right,15px);Logo Bottom Right 2@7m11s(left-to-right,550px);Only IB HUbs@7m35s(left-to-right,13px);Logo Bottom Right 2@7m35s(left-to-right,13px);NX IB 3@7m35s(left-to-right,13px);Only IB HUbs@7m52s(right-to-left,66px);Logo Bottom Right 2@7m52s(right-to-left,554px);NX IB 3@7m52s(right-to-left,66px);Nxtwave With IB Small@9m5s(right-to-left,153px);Only IB HUbs@9m10s(right-to-left,159px);Logo Bottom Right 2@9m10s(right-to-left,160px);NX IB 3@9m10s(right-to-left,160px);Only IB HUbs@9m16s(right-to-left,58px);Logo Bottom Right 2@9m16s(right-to-left,58px);NX IB 3@9m16s(right-to-left,58px);Nxtwave With IB Small@10m0s(right-to-left,76px);Nxtwave With IB Small@11m53s(right-to-left,50px);Only IB HUbs@11m56s(right-to-left,23px);Logo Bottom Right 2@11m56s(right-to-left,23px);NX IB 3@11m56s(right-to-left,23px);Nxtwave With IB in Slide@11m57s(right-to-left,421px);Nxtwave With IB in Slide@11m57s(right-to-left,668px);Nxtwave With IB in Slide@11m59s(left-to-right,545px);Logo Bottom Right 2@11m59s(left-to-right,692px);Only IB HUbs@12m29s(right-to-left,331px);Logo Bottom Right 2@12m29s(right-to-left,331px);NX IB 3@12m29s(right-to-left,331px);Nxtwave With IB in Slide@12m30s(right-to-left,644px);Only IB HUbs@12m52s(left-to-right,34px);Logo Bottom Right 2@12m52s(left-to-right,34px);NX IB 3@12m52s(right-to-left,203px);Nxtwave With IB Small@15m11s(right-to-left,262px);Nxtwave With IB Small@15m47s(right-to-left,142px);Nxtwave With IB Small@17m35s(right-to-left,266px);Only IB HUbs@18m0s(right-to-left,154px);Logo Bottom Right 2@18m0s(right-to-left,155px);NX IB 3@18m0s(right-to-left,155px);Nxtwave With IB in Slide@18m1s(right-to-left,583px);Nxtwave With IB Small@18m24s(right-to-left,24px);Nxtwave With IB Small@19m36s(right-to-left,56px);Nxtwave With IB Small@20m28s(right-to-left,170px);Nxtwave With IB in Slide@20m30s(right-to-left,583px);Only IB HUbs@20m31s(right-to-left,434px);Logo Bottom Right 2@20m30s(right-to-left,596px);NX IB 3@20m31s(right-to-left,165px);Nxtwave With IB in Slide@20m30s(right-to-left,596px);Nxtwave With IB in Slide@20m32s(left-to-right,585px);Only IB HUbs@20m37s(right-to-left,125px);Logo Bottom Right 2@20m37s(right-to-left,994px);NX IB 3@20m37s(right-to-left,126px);Nxtwave With IB in Slide@20m32s(right-to-left,243px);Only IB HUbs@20m32s(right-to-left,243px);Only IB HUbs@21m1s(right-to-left,55px);Logo Bottom Right 2@21m1s(right-to-left,56px);NX IB 3@21m1s(right-to-left,56px);Nxtwave With IB in Slide@21m2s(right-to-left,506px);Nxtwave With IB Small@21m44s(right-to-left,157px);Nxtwave With IB Small@22m14s(right-to-left,281px);Only IB HUbs@23m18s(right-to-left,35px);Logo Bottom Right 2@23m18s(right-to-left,828px);NX IB 3@23m18s(right-to-left,35px);Only IB HUbs@24m30s(right-to-left,476px);Logo Bottom Right 2@24m30s(right-to-left,477px);NX IB 3@24m30s(right-to-left,34px);Nxtwave With IB Small@25m36s(right-to-left,207px);Only IB HUbs@25m53s(right-to-left,101px);Logo Bottom Right 2@25m53s(right-to-left,102px);NX IB 3@25m53s(right-to-left,102px);Nxtwave With IB in Slide@25m54s(right-to-left,550px);Nxtwave With IB in Slide@28m11s(right-to-left,431px);Only IB HUbs@28m11s(left-to-right,15px);Logo Bottom Right 2@28m11s(left-to-right,16px);NX IB 3@28m11s(left-to-right,16px);Only IB HUbs@29m21s(bottom-to-top,0px);Logo Bottom Right 2@29m21s(bottom-to-top,0px);NX IB 3@29m21s(bottom-to-top,0px);Only IB HUbs@29m34s(right-to-left,55px);Logo Bottom Right 2@29m34s(right-to-left,531px);NX IB 3@29m34s(right-to-left,56px);Nxtwave With IB Small@30m21s(right-to-left,88px);IB HUbs In Slide@30m26s(left-to-right,141px);IB Co In Slide@30m26s(left-to-right,141px)"
54,s3://nw-studio-nkb-uploads/old/otg_prod/14-10-2020/14-10-2020-Identifying Opportunities-Telugu-v1-720p-1.7.mp4,s3://nxtwave-common-media-static/nw-studio-nkb-uploads/old/otg_prod/14-10-2020/14-10-2020-Identifying Opportunities-Telugu-v1-720p-1.7_ibhlr.mp4,success,"IB HUbs In Slide@0m11s(right-to-left,36px);IB Co In Slide@0m11s(right-to-left,35px);Only IB HUbs@0m37s(right-to-left,17px);Logo Bottom Right 2@0m37s(right-to-left,17px);NX IB 3@0m37s(right-to-left,17px);Only IB HUbs@0m44s(left-to-right,13px);Logo Bottom Right 2@0m44s(left-to-right,13px);NX IB 3@0m44s(left-to-right,13px);Only IB HUbs@3m51s(right-to-left,17px);Logo Bottom Right 2@3m51s(right-to-left,17px);NX IB 3@3m51s(right-to-left,17px);Only IB HUbs@4m4s(right-to-left,20px);Logo Bottom Right 2@4m4s(right-to-left,20px);NX IB 3@4m4s(right-to-left,20px);Nxtwave With IB in Slide@4m5s(right-to-left,444px);Only IB HUbs@5m16s(right-to-left,103px);Logo Bottom Right 2@5m16s(right-to-left,962px);NX IB 3@5m16s(right-to-left,104px);Nxtwave With IB Small@7m53s(left-to-right,23px);Only IB HUbs@7m55s(right-to-left,133px);NX IB 3@7m55s(right-to-left,133px);Logo Bottom Right 2@7m55s(bottom-to-top,0px);Nxtwave With IB Small@8m20s(right-to-left,16px);Only IB HUbs@8m47s(right-to-left,111px);Logo Bottom Right 2@8m47s(right-to-left,112px);NX IB 3@8m47s(right-to-left,112px);Nxtwave With IB in Slide@8m48s(right-to-left,557px);Only IB HUbs@10m18s(right-to-left,19px);Logo Bottom Right 2@10m18s(right-to-left,19px);NX IB 3@10m18s(right-to-left,19px);Nxtwave With IB in Slide@10m19s(right-to-left,442px);Nxtwave With IB Small@11m38s(right-to-left,16px);Only IB HUbs@12m4s(right-to-left,432px);Logo Bottom Right 2@12m4s(right-to-left,432px);NX IB 3@12m4s(right-to-left,12px);Nxtwave With IB in Slide@12m38s(right-to-left,567px);Only IB HUbs@12m38s(left-to-right,128px);Logo Bottom Right 2@12m38s(left-to-right,128px);NX IB 3@12m38s(left-to-right,128px);Nxtwave With IB Small@13m15s(right-to-left,43px);Nxtwave With IB Small@14m37s(right-to-left,135px);Only IB HUbs@16m11s(right-to-left,55px);Logo Bottom Right 2@16m11s(right-to-left,877px);NX IB 3@16m11s(right-to-left,56px);Only IB HUbs@16m29s(right-to-left,144px);Logo Bottom Right 2@16m29s(right-to-left,734px);NX IB 3@16m29s(right-to-left,144px);Nxtwave With IB Small@17m25s(right-to-left,111px);Only IB HUbs@17m48s(right-to-left,49px);Logo Bottom Right 2@17m48s(right-to-left,546px);NX IB 3@17m48s(right-to-left,49px);Nxtwave With IB Small@19m16s(right-to-left,173px);Only IB HUbs@19m53s(right-to-left,26px);Logo Bottom Right 2@19m53s(right-to-left,802px);NX IB 3@19m53s(right-to-left,26px);Only IB HUbs@20m12s(right-to-left,203px);Logo Bottom Right 2@20m12s(right-to-left,203px);NX IB 3@20m12s(right-to-left,203px);Nxtwave With IB in Slide@20m13s(right-to-left,599px);Only IB HUbs@20m35s(right-to-left,37px);Logo Bottom Right 2@20m35s(right-to-left,548px);NX IB 3@20m35s(right-to-left,37px);Only IB HUbs@21m20s(right-to-left,157px);Logo Bottom Right 2@21m20s(right-to-left,719px);NX IB 3@21m20s(right-to-left,158px);Only IB HUbs@22m23s(right-to-left,50px);Logo Bottom Right 2@22m23s(right-to-left,50px);NX IB 3@22m23s(right-to-left,50px);Nxtwave With IB Small@23m20s(right-to-left,230px);Only IB HUbs@23m36s(right-to-left,149px);Logo Bottom Right 2@23m36s(right-to-left,148px);NX IB 3@23m36s(right-to-left,148px);Nxtwave With IB Small@24m31s(left-to-right,13px);Only IB HUbs@26m7s(right-to-left,63px);Logo Bottom Right 2@26m7s(right-to-left,893px);NX IB 3@26m7s(right-to-left,64px);Only IB HUbs@26m50s(right-to-left,191px);Logo Bottom Right 2@26m50s(right-to-left,191px);NX IB 3@26m50s(right-to-left,191px);Nxtwave With IB in Slide@26m51s(right-to-left,563px);Only IB HUbs@27m21s(right-to-left,30px);Logo Bottom Right 2@27m21s(right-to-left,31px);NX IB 3@27m21s(right-to-left,31px);Nxtwave With IB Small@28m22s(right-to-left,68px);IB HUbs In Slide@28m26s(right-to-left,18px);IB Co In Slide@28m26s(right-to-left,18px)"
55,s3://nw-studio-nkb-uploads/old/otg_prod/14-10-2020/14-10-2020-IdentifyingOpportunities-Hindi-V1-720p-1.7.mp4,s3://nxtwave-common-media-static/nw-studio-nkb-uploads/old/otg_prod/14-10-2020/14-10-2020-IdentifyingOpportunities-Hindi-V1-720p-1.7_ibhlr.mp4,success,"IB HUbs In Slide@0m15s(right-to-left,90px);IB Co In Slide@0m15s(right-to-left,90px);Only IB HUbs@0m39s(right-to-left,138px);Logo Bottom Right 2@0m39s(right-to-left,138px);NX IB 3@0m39s(right-to-left,138px);Nxtwave With IB in Slide@0m40s(right-to-left,579px);Only IB HUbs@0m46s(right-to-left,15px);Logo Bottom Right 2@0m46s(right-to-left,15px);NX IB 3@0m46s(right-to-left,15px);Nxtwave With IB Small@1m34s(right-to-left,120px);Nxtwave With IB Small@2m45s(right-to-left,64px);Only IB HUbs@2m57s(right-to-left,401px);Logo Bottom Right 2@2m57s(right-to-left,401px);NX IB 3@2m57s(right-to-left,135px);Only IB HUbs@3m20s(right-to-left,70px);Logo Bottom Right 2@3m20s(right-to-left,70px);NX IB 3@3m20s(right-to-left,70px);Nxtwave With IB Small@4m27s(right-to-left,77px);Only IB HUbs@5m7s(right-to-left,158px);Logo Bottom Right 2@5m7s(right-to-left,159px);NX IB 3@5m7s(right-to-left,159px);Nxtwave With IB in Slide@5m8s(right-to-left,583px);Only IB HUbs@7m46s(right-to-left,49px);Logo Bottom Right 2@7m46s(right-to-left,802px);NX IB 3@7m46s(right-to-left,49px);Nxtwave With IB Small@8m9s(right-to-left,105px);Only IB HUbs@8m21s(right-to-left,118px);Logo Bottom Right 2@8m21s(right-to-left,118px);NX IB 3@8m21s(right-to-left,118px);Only IB HUbs@9m1s(right-to-left,273px);Logo Bottom Right 2@9m1s(right-to-left,273px);NX IB 3@9m1s(right-to-left,273px);Nxtwave With IB in Slide@9m2s(right-to-left,616px);Nxtwave With IB Small@10m23s(right-to-left,105px);Only IB HUbs@11m4s(right-to-left,130px);Logo Bottom Right 2@11m4s(right-to-left,131px);NX IB 3@11m4s(right-to-left,131px);Nxtwave With IB in Slide@11m5s(right-to-left,571px);Nxtwave With IB Small@12m35s(right-to-left,35px);Nxtwave With IB Small@13m7s(right-to-left,136px);Nxtwave With IB Small@14m16s(right-to-left,225px);Nxtwave With IB Small@15m1s(bottom-to-top,0px);Only IB HUbs@15m29s(right-to-left,81px);Logo Bottom Right 2@15m29s(right-to-left,82px);NX IB 3@15m29s(right-to-left,82px);Only IB HUbs@16m12s(right-to-left,26px);Logo Bottom Right 2@16m12s(right-to-left,805px);NX IB 3@16m12s(right-to-left,26px);Only IB HUbs@16m39s(right-to-left,81px);Logo Bottom Right 2@16m39s(right-to-left,932px);NX IB 3@16m39s(right-to-left,81px);Only IB HUbs@17m37s(right-to-left,127px);Logo Bottom Right 2@17m37s(right-to-left,634px);NX IB 3@17m37s(right-to-left,127px);Only IB HUbs@18m3s(right-to-left,99px);Logo Bottom Right 2@18m3s(right-to-left,99px);NX IB 3@18m3s(right-to-left,99px);Only IB HUbs@21m38s(right-to-left,98px);Logo Bottom Right 2@21m38s(right-to-left,956px);NX IB 3@21m38s(right-to-left,98px);Only IB HUbs@22m20s(right-to-left,237px);Logo Bottom Right 2@22m20s(right-to-left,237px);NX IB 3@22m20s(right-to-left,237px);Nxtwave With IB in Slide@22m21s(right-to-left,611px);Nxtwave With IB Small@24m26s(right-to-left,244px);Nxtwave With IB Small@27m32s(right-to-left,195px);Nxtwave With IB Small@30m18s(right-to-left,150px);Nxtwave With IB Small@31m5s(right-to-left,14px);Nxtwave With IB Small@31m8s(right-to-left,204px);Only IB HUbs@31m59s(right-to-left,48px);Logo Bottom Right 2@31m59s(right-to-left,861px);NX IB 3@31m59s(right-to-left,48px);Nxtwave With IB Small@32m46s(right-to-left,16px);IB HUbs In Slide@32m47s(left-to-right,3px);IB Co In Slide@32m47s(left-to-right,4px)"
56,s3://nw-studio-nkb-uploads/old/otg_prod/14-10-2020/14-10-2020-XPM-Identity-Part1B-English-720p-1.7.mp4,s3://nxtwave-common-media-static/nw-studio-nkb-uploads/old/otg_prod/14-10-2020/14-10-2020-XPM-Identity-Part1B-English-720p-1.7_ibhlr.mp4,success,
57,s3://nw-studio-nkb-uploads/old/otg_prod/14-10-2020/14-10-2020-XPM-Identity-Part1B-Hindi-720p-1.7.mp4,s3://nxtwave-common-media-static/nw-studio-nkb-uploads/old/otg_prod/14-10-2020/14-10-2020-XPM-Identity-Part1B-Hindi-720p-1.7_ibhlr.mp4,success,
58,s3://nw-studio-nkb-uploads/old/otg_prod/14-10-2020/14-10-2020-XPM-Identity-Part1B-Telugu-720p-1.7.mp4,s3://nxtwave-common-media-static/nw-studio-nkb-uploads/old/otg_prod/14-10-2020/14-10-2020-XPM-Identity-Part1B-Telugu-720p-1.7_ibhlr.mp4,success,
59,s3://nw-studio-nkb-uploads/ccbp_prod/media/video_content/tech_foundations/programming_foundations/english/15-10-2020-Sequence-Of-Instructions-English-V1.mp4,,error: Expected output not found: ./processed_videos59/15-10-2020-Sequence-Of-Instructions-English-V1_ibhlr.mp4,
60,s3://nw-studio-nkb-uploads/ccbp_prod/media/video_content/tech_foundations/programming_foundations/hindi/15-10-2020-SequenceOfInstructions-Hindi-V2.mp4,,error: Expected output not found: ./processed_videos60/15-10-2020-SequenceOfInstructions-Hindi-V2_ibhlr.mp4,
61,s3://nw-studio-nkb-uploads/ccbp_prod/media/video_content/tech_foundations/programming_foundations/telugu/15-10-2020-Sequence of Instructions-Telugu-V2_.mp4,,error: Expected output not found: ./processed_videos61/15-10-2020-Sequence of Instructions-Telugu-V2__ibhlr.mp4,
62,s3://nw-studio-nkb-uploads/old/otg_prod/15-10-2020/15-10-2020-IdentifingOppurtunitiesPart2-English-v1-720p-1.7.mp4,s3://nxtwave-common-media-static/nw-studio-nkb-uploads/old/otg_prod/15-10-2020/15-10-2020-IdentifingOppurtunitiesPart2-English-v1-720p-1.7_ibhlr.mp4,success,"IB HUbs In Slide@0m10s(right-to-left,84px);IB Co In Slide@0m10s(right-to-left,84px);Only IB HUbs@0m33s(right-to-left,34px);Logo Bottom Right 2@0m33s(right-to-left,35px);NX IB 3@0m33s(right-to-left,35px);Only IB HUbs@0m38s(right-to-left,90px);Logo Bottom Right 2@0m38s(right-to-left,90px);NX IB 3@0m38s(right-to-left,90px);Nxtwave With IB in Slide@0m39s(right-to-left,544px);Nxtwave With IB Small@1m26s(right-to-left,177px);Only IB HUbs@1m31s(right-to-left,26px);Logo Bottom Right 2@1m31s(right-to-left,516px);NX IB 3@1m31s(right-to-left,26px);Only IB HUbs@2m28s(right-to-left,453px);Logo Bottom Right 2@2m28s(right-to-left,454px);Nxtwave With IB in Slide@2m28s(right-to-left,452px);Nxtwave With IB Small@5m1s(left-to-right,45px);Nxtwave With IB Small@7m14s(right-to-left,285px);Only IB HUbs@7m18s(right-to-left,89px);Logo Bottom Right 2@7m18s(right-to-left,659px);NX IB 3@7m18s(right-to-left,89px);Nxtwave With IB Small@8m14s(right-to-left,222px);Nxtwave With IB Small@9m7s(right-to-left,166px);Nxtwave With IB Small@13m34s(right-to-left,190px);Nxtwave With IB Small@14m3s(right-to-left,25px);Only IB HUbs@14m8s(right-to-left,99px);Logo Bottom Right 2@14m8s(right-to-left,100px);NX IB 3@14m8s(right-to-left,99px);Only IB HUbs@14m22s(right-to-left,81px);Logo Bottom Right 2@14m22s(right-to-left,82px);NX IB 3@14m22s(right-to-left,82px);Only IB HUbs@14m29s(right-to-left,44px);Logo Bottom Right 2@14m29s(right-to-left,44px);NX IB 3@14m29s(right-to-left,44px);Nxtwave With IB in Slide@14m30s(right-to-left,476px);Nxtwave With IB Small@14m55s(right-to-left,105px);Only IB HUbs@17m9s(right-to-left,260px);Logo Bottom Right 2@17m9s(right-to-left,260px);NX IB 3@17m9s(right-to-left,260px);Nxtwave With IB in Slide@17m10s(right-to-left,641px);Logo Bottom Right 2@18m44s(right-to-left,833px);Only IB HUbs@22m32s(right-to-left,101px);Logo Bottom Right 2@22m32s(right-to-left,102px);NX IB 3@22m32s(right-to-left,102px);Only IB HUbs@22m37s(right-to-left,437px);Logo Bottom Right 2@22m37s(right-to-left,438px);NX IB 3@22m37s(right-to-left,13px);Nxtwave With IB Small@23m49s(right-to-left,250px);Nxtwave With IB Small@24m51s(right-to-left,267px);Nxtwave With IB Small@25m33s(right-to-left,101px);Only IB HUbs@26m56s(left-to-right,16px);Logo Bottom Right 2@26m56s(left-to-right,16px);NX IB 3@26m56s(left-to-right,16px);Only IB HUbs@27m47s(right-to-left,246px);Logo Bottom Right 2@27m47s(right-to-left,246px);NX IB 3@27m47s(right-to-left,246px);Nxtwave With IB in Slide@27m48s(right-to-left,610px);Only IB HUbs@27m53s(right-to-left,116px);Logo Bottom Right 2@27m53s(right-to-left,116px);NX IB 3@27m53s(right-to-left,116px);Nxtwave With IB in Slide@27m48s(left-to-right,130px);Nxtwave With IB in Slide@27m54s(right-to-left,560px);Nxtwave With IB Small@30m52s(left-to-right,36px);Only IB HUbs@31m3s(right-to-left,42px);Logo Bottom Right 2@31m3s(right-to-left,42px);NX IB 3@31m3s(right-to-left,42px);Nxtwave With IB in Slide@31m4s(right-to-left,486px);Only IB HUbs@32m20s(right-to-left,107px);Logo Bottom Right 2@32m20s(right-to-left,107px);NX IB 3@32m20s(right-to-left,107px);Only IB HUbs@33m29s(right-to-left,194px);Logo Bottom Right 2@33m29s(right-to-left,194px);NX IB 3@33m29s(right-to-left,194px);Nxtwave With IB in Slide@33m30s(right-to-left,597px);Nxtwave With IB Small@36m28s(right-to-left,38px);Only IB HUbs@36m31s(bottom-to-top,0px);Logo Bottom Right 2@36m31s(bottom-to-top,0px);NX IB 3@36m31s(bottom-to-top,0px);Nxtwave With IB in Slide@36m32s(right-to-left,565px);Only IB HUbs@37m15s(right-to-left,25px);Logo Bottom Right 2@37m15s(right-to-left,25px);NX IB 3@37m15s(right-to-left,25px);IB HUbs In Slide@38m36s(right-to-left,33px);IB Co In Slide@38m36s(right-to-left,33px)"
63,s3://nw-studio-nkb-uploads/old/otg_prod/15-10-2020/15-10-2020-IdentifingOppurtunitiespart2-Telugu-v1-720p-1.7.mp4,s3://nxtwave-common-media-static/nw-studio-nkb-uploads/old/otg_prod/15-10-2020/15-10-2020-IdentifingOppurtunitiespart2-Telugu-v1-720p-1.7_ibhlr.mp4,success,"IB HUbs In Slide@0m13s(right-to-left,16px);IB Co In Slide@0m13s(right-to-left,16px);Only IB HUbs@0m34s(right-to-left,51px);Logo Bottom Right 2@0m34s(right-to-left,837px);NX IB 3@0m34s(right-to-left,52px);Nxtwave With IB Small@0m45s(right-to-left,109px);Only IB HUbs@1m26s(right-to-left,376px);Logo Bottom Right 2@1m26s(right-to-left,376px);NX IB 3@1m26s(right-to-left,375px);Nxtwave With IB in Slide@1m27s(right-to-left,587px);Nxtwave With IB Small@2m12s(right-to-left,136px);Nxtwave With IB Small@6m54s(right-to-left,285px);Only IB HUbs@8m57s(right-to-left,396px);Logo Bottom Right 2@8m57s(right-to-left,396px);NX IB 3@8m57s(right-to-left,154px);Only IB HUbs@9m23s(right-to-left,98px);Logo Bottom Right 2@9m23s(right-to-left,98px);NX IB 3@9m23s(right-to-left,98px);Nxtwave With IB in Slide@9m24s(right-to-left,486px);Only IB HUbs@13m26s(left-to-right,31px);Logo Bottom Right 2@13m26s(left-to-right,31px);NX IB 3@13m26s(left-to-right,31px);Nxtwave With IB Small@14m27s(right-to-left,76px);Only IB HUbs@19m40s(right-to-left,424px);Logo Bottom Right 2@19m40s(right-to-left,425px);Only IB HUbs@21m14s(left-to-right,210px);Logo Bottom Right 2@21m14s(left-to-right,210px);NX IB 3@21m14s(left-to-right,210px);Nxtwave With IB Small@22m39s(right-to-left,159px);Only IB HUbs@23m39s(right-to-left,129px);Logo Bottom Right 2@23m39s(right-to-left,129px);NX IB 3@23m39s(right-to-left,129px);Nxtwave With IB in Slide@23m40s(right-to-left,600px);Only IB HUbs@23m51s(right-to-left,14px);Logo Bottom Right 2@23m51s(right-to-left,15px);NX IB 3@23m51s(right-to-left,15px);Nxtwave With IB in Slide@23m52s(right-to-left,458px);Only IB HUbs@25m42s(left-to-right,19px);Logo Bottom Right 2@25m42s(left-to-right,18px);NX IB 3@25m42s(left-to-right,18px);Only IB HUbs@25m45s(right-to-left,28px);Logo Bottom Right 2@25m45s(right-to-left,29px);NX IB 3@25m45s(right-to-left,29px);Nxtwave With IB Small@27m2s(right-to-left,32px);Nxtwave With IB Small@27m56s(right-to-left,227px);Nxtwave With IB Small@28m34s(right-to-left,16px);Only IB HUbs@28m46s(right-to-left,71px);Logo Bottom Right 2@28m46s(right-to-left,71px);NX IB 3@28m46s(right-to-left,71px);Nxtwave With IB in Slide@28m47s(right-to-left,491px);Only IB HUbs@29m3s(right-to-left,46px);Logo Bottom Right 2@29m3s(right-to-left,884px);NX IB 3@29m3s(right-to-left,46px);Only IB HUbs@29m42s(right-to-left,52px);Logo Bottom Right 2@29m42s(right-to-left,588px);NX IB 3@29m42s(right-to-left,53px);Only IB HUbs@29m51s(right-to-left,177px);Logo Bottom Right 2@29m51s(right-to-left,177px);NX IB 3@29m51s(right-to-left,177px);Nxtwave With IB in Slide@29m43s(left-to-right,410px);Nxtwave With IB in Slide@29m52s(right-to-left,590px);Nxtwave With IB Small@35m7s(right-to-left,21px);Only IB HUbs@37m13s(left-to-right,23px);Logo Bottom Right 2@37m13s(left-to-right,23px);NX IB 3@37m13s(left-to-right,23px);Only IB HUbs@38m54s(right-to-left,378px);Logo Bottom Right 2@38m54s(right-to-left,692px);NX IB 3@38m54s(right-to-left,123px);Nxtwave With IB in Slide@38m55s(left-to-right,568px);Only IB HUbs@38m57s(right-to-left,150px);Logo Bottom Right 2@38m57s(right-to-left,151px);NX IB 3@38m57s(right-to-left,151px);Nxtwave With IB in Slide@38m55s(left-to-right,541px);Nxtwave With IB in Slide@38m58s(right-to-left,581px);Only IB HUbs@39m0s(left-to-right,23px);Logo Bottom Right 2@39m0s(left-to-right,23px);NX IB 3@39m0s(left-to-right,23px);Nxtwave With IB in Slide@38m58s(left-to-right,34px);Only IB HUbs@39m2s(bottom-to-top,0px);Logo Bottom Right 2@39m2s(bottom-to-top,0px);NX IB 3@39m2s(bottom-to-top,0px);Nxtwave With IB in Slide@39m3s(right-to-left,562px);Only IB HUbs@39m12s(right-to-left,360px);Logo Bottom Right 2@39m12s(right-to-left,361px);NX IB 3@39m12s(right-to-left,361px);Nxtwave With IB in Slide@39m3s(right-to-left,244px);Nxtwave With IB in Slide@39m13s(right-to-left,586px);Only IB HUbs@39m45s(right-to-left,34px);Logo Bottom Right 2@39m45s(right-to-left,840px);NX IB 3@39m45s(right-to-left,34px);Only IB HUbs@40m56s(right-to-left,123px);Logo Bottom Right 2@40m56s(right-to-left,993px);NX IB 3@40m56s(right-to-left,123px);Nxtwave With IB Small@42m8s(right-to-left,206px);IB HUbs In Slide@42m9s(right-to-left,165px);IB HUbs In Slide@42m14s(left-to-right,165px);IB Co In Slide@42m14s(right-to-left,39px)"
64,s3://nw-studio-nkb-uploads/old/otg_prod/15-10-2020/15-10-2020-IdentifyingOpportunitiesPart-2-Hindi-720p-1.7.mp4,s3://nxtwave-common-media-static/nw-studio-nkb-uploads/old/otg_prod/15-10-2020/15-10-2020-IdentifyingOpportunitiesPart-2-Hindi-720p-1.7_ibhlr.mp4,success,"IB Co In Slide@0m16s(right-to-left,21px);IB HUbs In Slide@0m17s(right-to-left,21px);Only IB HUbs@0m52s(right-to-left,346px);Logo Bottom Right 2@0m52s(right-to-left,347px);NX IB 3@0m52s(right-to-left,347px);Nxtwave With IB in Slide@0m53s(right-to-left,559px);Only IB HUbs@1m1s(right-to-left,446px);Logo Bottom Right 2@1m1s(right-to-left,447px);NX IB 3@1m1s(right-to-left,15px);Nxtwave With IB in Slide@0m53s(right-to-left,100px);Only IB HUbs@1m28s(right-to-left,92px);Logo Bottom Right 2@1m28s(right-to-left,634px);NX IB 3@1m28s(right-to-left,92px);Only IB HUbs@2m3s(right-to-left,18px);Logo Bottom Right 2@2m3s(right-to-left,743px);NX IB 3@2m3s(right-to-left,18px);Nxtwave With IB Small@2m39s(right-to-left,39px);Only IB HUbs@3m12s(right-to-left,26px);Logo Bottom Right 2@3m12s(right-to-left,27px);NX IB 3@3m12s(right-to-left,27px);Nxtwave With IB in Slide@3m13s(right-to-left,461px);Only IB HUbs@4m27s(right-to-left,141px);Logo Bottom Right 2@4m27s(right-to-left,142px);NX IB 3@4m27s(right-to-left,142px);Nxtwave With IB Small@5m9s(right-to-left,115px);Only IB HUbs@5m29s(right-to-left,30px);Logo Bottom Right 2@5m29s(right-to-left,31px);NX IB 3@5m29s(right-to-left,31px);Nxtwave With IB in Slide@5m30s(right-to-left,472px);Only IB HUbs@5m37s(right-to-left,348px);Logo Bottom Right 2@5m37s(right-to-left,348px);NX IB 3@5m37s(right-to-left,348px);Nxtwave With IB in Slide@5m30s(right-to-left,318px);Nxtwave With IB in Slide@5m38s(right-to-left,617px);Only IB HUbs@5m45s(right-to-left,33px);Logo Bottom Right 2@5m45s(right-to-left,505px);NX IB 3@5m45s(right-to-left,33px);Nxtwave With IB in Slide@5m38s(right-to-left,156px);Only IB HUbs@6m44s(right-to-left,61px);Logo Bottom Right 2@6m44s(right-to-left,61px);NX IB 3@6m44s(right-to-left,61px);Nxtwave With IB Small@7m17s(right-to-left,30px);Nxtwave With IB Small@8m52s(right-to-left,59px);Only IB HUbs@12m46s(right-to-left,17px);Logo Bottom Right 2@12m46s(right-to-left,17px);NX IB 3@12m46s(right-to-left,17px);Only IB HUbs@13m17s(left-to-right,26px);Logo Bottom Right 2@13m17s(left-to-right,26px);NX IB 3@13m17s(left-to-right,26px);Nxtwave With IB Small@14m27s(left-to-right,25px);Nxtwave With IB Small@15m53s(right-to-left,119px);Only IB HUbs@16m0s(right-to-left,12px);Logo Bottom Right 2@16m0s(right-to-left,818px);NX IB 3@16m0s(right-to-left,12px);Only IB HUbs@16m41s(right-to-left,160px);Logo Bottom Right 2@16m41s(right-to-left,160px);NX IB 3@16m41s(right-to-left,160px);Only IB HUbs@17m22s(right-to-left,312px);Logo Bottom Right 2@17m22s(right-to-left,313px);NX IB 3@17m22s(right-to-left,313px);Nxtwave With IB in Slide@17m23s(right-to-left,561px);Nxtwave With IB in Slide@18m11s(right-to-left,442px);Only IB HUbs@18m11s(left-to-right,49px);Logo Bottom Right 2@18m11s(left-to-right,49px);NX IB 3@18m11s(left-to-right,49px);Nxtwave With IB Small@19m20s(right-to-left,130px);Only IB HUbs@19m37s(left-to-right,12px);Logo Bottom Right 2@19m37s(left-to-right,12px);NX IB 3@19m37s(left-to-right,12px);Nxtwave With IB Small@20m35s(right-to-left,34px);Only IB HUbs@21m7s(right-to-left,95px);Logo Bottom Right 2@21m7s(right-to-left,96px);NX IB 3@21m7s(right-to-left,96px);Nxtwave With IB in Slide@22m43s(right-to-left,563px);Only IB HUbs@22m43s(left-to-right,388px);Logo Bottom Right 2@22m43s(left-to-right,389px);Only IB HUbs@23m40s(right-to-left,14px);Logo Bottom Right 2@23m40s(right-to-left,15px);NX IB 3@23m40s(right-to-left,15px);Nxtwave With IB in Slide@23m41s(right-to-left,380px);Nxtwave With IB Small@25m3s(right-to-left,128px);Nxtwave With IB Small@26m26s(left-to-right,27px);Nxtwave With IB Small@26m35s(right-to-left,27px);Only IB HUbs@26m36s(bottom-to-top,0px);Logo Bottom Right 2@26m36s(bottom-to-top,0px);NX IB 3@26m36s(bottom-to-top,0px);Nxtwave With IB in Slide@26m37s(right-to-left,614px);Only IB HUbs@27m18s(right-to-left,29px);Logo Bottom Right 2@27m18s(right-to-left,30px);NX IB 3@27m18s(right-to-left,30px);Nxtwave With IB Small@28m0s(bottom-to-top,0px);Only IB HUbs@28m9s(right-to-left,472px);Logo Bottom Right 2@28m9s(right-to-left,473px);NX IB 3@28m9s(right-to-left,22px);Nxtwave With IB Small@29m27s(right-to-left,158px);IB HUbs In Slide@29m29s(right-to-left,17px)"
65,s3://nw-studio-nkb-uploads/old/otg_prod/15-10-2020/15-10-2020-SequenceOfInstructions-English-V1-720p-1.7.mp4,s3://nxtwave-common-media-static/nw-studio-nkb-uploads/old/otg_prod/15-10-2020/15-10-2020-SequenceOfInstructions-English-V1-720p-1.7_ibhlr.mp4,success,"Only IB HUbs@5m58s(right-to-left,86px);Logo Bottom Right 2@5m58s(right-to-left,87px);NX IB 3@5m58s(right-to-left,87px);Nxtwave With IB in Slide@5m59s(left-to-right,76px)"
66,s3://nw-studio-nkb-uploads/old/otg_prod/15-10-2020/15-10-2020-SequenceOfInstructions-Hindi-V1-720p-1.7.mp4,s3://nxtwave-common-media-static/nw-studio-nkb-uploads/old/otg_prod/15-10-2020/15-10-2020-SequenceOfInstructions-Hindi-V1-720p-1.7_ibhlr.mp4,success,
67,s3://nw-studio-nkb-uploads/old/otg_prod/15-10-2020/15-10-2020-SequenceOfInstructions-Telugu-v1-720p-1.7.mp4,s3://nxtwave-common-media-static/nw-studio-nkb-uploads/old/otg_prod/15-10-2020/15-10-2020-SequenceOfInstructions-Telugu-v1-720p-1.7_ibhlr.mp4,success,"Only IB HUbs@4m14s(right-to-left,51px);Logo Bottom Right 2@4m14s(right-to-left,868px);NX IB 3@4m14s(right-to-left,52px)"
68,s3://nw-studio-nkb-uploads/old/otg_prod/15-10-2020/15-10-2020-k-Nearest-Neighbors-Part-2-English-V1-720p-1.7.mp4,s3://nxtwave-common-media-static/nw-studio-nkb-uploads/old/otg_prod/15-10-2020/15-10-2020-k-Nearest-Neighbors-Part-2-English-V1-720p-1.7_ibhlr.mp4,success,
69,s3://nw-studio-nkb-uploads/ccbp_prod/media/video_content/tech_foundations/programming_foundations/english/16-10-2020-InputAndOuputBasics-English-V2.mp4,,error: Expected output not found: ./processed_videos69/16-10-2020-InputAndOuputBasics-English-V2_ibhlr.mp4,
70,s3://nw-studio-nkb-uploads/old/otg_prod/16-10-2020/16-10-2020-ArraysPrefixSum-English-720p.mp4,s3://nxtwave-common-media-static/nw-studio-nkb-uploads/old/otg_prod/16-10-2020/16-10-2020-ArraysPrefixSum-English-720p_ibhlr.mp4,success,"Only IB HUbs@6m43s(right-to-left,68px);Logo Bottom Right 2@6m43s(right-to-left,588px);NX IB 3@6m43s(right-to-left,68px)"
71,s3://nw-studio-nkb-uploads/old/otg_prod/16-10-2020/16-10-2020-InputAndOuputBasics-English-V1-720-1.7.mp4,s3://nxtwave-common-media-static/nw-studio-nkb-uploads/old/otg_prod/16-10-2020/16-10-2020-InputAndOuputBasics-English-V1-720-1.7_ibhlr.mp4,success,"Only IB HUbs@3m44s(right-to-left,117px);Logo Bottom Right 2@3m44s(right-to-left,984px);NX IB 3@3m44s(right-to-left,117px)"
72,s3://nw-studio-nkb-uploads/old/otg_prod/16-10-2020/16-10-2020-InputAndOutputBasics-Hindi-V1-720p-1.7.mp4,s3://nxtwave-common-media-static/nw-studio-nkb-uploads/old/otg_prod/16-10-2020/16-10-2020-InputAndOutputBasics-Hindi-V1-720p-1.7_ibhlr.mp4,success,"Only IB HUbs@2m27s(right-to-left,44px);Logo Bottom Right 2@2m27s(right-to-left,853px);NX IB 3@2m27s(right-to-left,45px)"
73,s3://nw-studio-nkb-uploads/old/otg_prod/16-10-2020/16-10-2020-Week2AssignmentDay-English-720p-1.7.mp4,s3://nxtwave-common-media-static/nw-studio-nkb-uploads/old/otg_prod/16-10-2020/16-10-2020-Week2AssignmentDay-English-720p-1.7_ibhlr.mp4,success,"Medium IB HUbs Author In Slide@2m27s(bottom-to-top,26px);IB HUbs Full Screen@2m27s(bottom-to-top,25px);PDF NX IB In Slide@2m27s(bottom-to-top,26px);PDF NX IB In Slide@5m36s(bottom-to-top,26px);Medium IB HUbs Author In Slide@5m38s(bottom-to-top,107px);IB HUbs Full Screen@5m38s(bottom-to-top,107px);PDF NX IB In Slide@5m38s(bottom-to-top,107px);Medium IB HUbs Author In Slide@6m11s(bottom-to-top,26px);IB HUbs Full Screen@6m11s(bottom-to-top,25px);PDF NX IB In Slide@6m11s(bottom-to-top,27px);PDF NX IB In Slide@8m56s(bottom-to-top,27px);PDF NX IB In Slide@10m21s(bottom-to-top,27px);Medium IB HUbs Author In Slide@18m43s(bottom-to-top,27px);IB HUbs Full Screen@18m43s(bottom-to-top,27px);PDF NX IB In Slide@18m43s(bottom-to-top,63px);Medium IB HUbs Author In Slide@23m32s(bottom-to-top,42px);IB HUbs Full Screen@23m32s(bottom-to-top,43px);PDF NX IB In Slide@23m32s(bottom-to-top,42px);PDF NX IB In Slide@24m25s(bottom-to-top,26px)"
74,s3://nw-studio-nkb-uploads/old/otg_prod/16-10-2020/16-10-2020-Week2AssignmentDay-Hindi-720p-1.7.mp4,s3://nxtwave-common-media-static/nw-studio-nkb-uploads/old/otg_prod/16-10-2020/16-10-2020-Week2AssignmentDay-Hindi-720p-1.7_ibhlr.mp4,success,"IB Co In Slide@0m18s(right-to-left,131px);Medium IB HUbs Author In Slide@5m18s(bottom-to-top,34px);IB HUbs Full Screen@5m18s(bottom-to-top,34px);Medium IB HUbs Author In Slide@5m26s(bottom-to-top,134px);IB HUbs Full Screen@5m26s(bottom-to-top,131px);PDF NX IB In Slide@11m7s(bottom-to-top,66px)"
75,s3://nw-studio-nkb-uploads/old/otg_prod/16-10-2020/16-10-2020-Week2AssignmentDay-Telugu-720p-1.7.mp4,s3://nxtwave-common-media-static/nw-studio-nkb-uploads/old/otg_prod/16-10-2020/16-10-2020-Week2AssignmentDay-Telugu-720p-1.7_ibhlr.mp4,success,"PDF NX IB In Slide@5m57s(bottom-to-top,160px);PDF NX IB In Slide@6m32s(bottom-to-top,27px);PDF NX IB In Slide@16m21s(bottom-to-top,13px);PDF NX IB In Slide@21m54s(bottom-to-top,213px);PDF NX IB In Slide@23m15s(bottom-to-top,27px)"
76,s3://nw-studio-nkb-uploads/old/otg_prod/17-10-2020/17-10-2020-XPMIdentityPart2-English-720p-V2.mp4,s3://nxtwave-common-media-static/nw-studio-nkb-uploads/old/otg_prod/17-10-2020/17-10-2020-XPMIdentityPart2-English-720p-V2_ibhlr.mp4,success,
77,s3://nw-studio-nkb-uploads/old/otg_prod/17-10-2020/17-10-2020-XPMIdentityPart2-English-720p.mp4,s3://nxtwave-common-media-static/nw-studio-nkb-uploads/old/otg_prod/17-10-2020/17-10-2020-XPMIdentityPart2-English-720p_ibhlr.mp4,success,
78,s3://nw-studio-nkb-uploads/old/otg_prod/17-10-2020/17-10-2020-XPMIdentityPart2-Hindi-720p-V2.mp4,s3://nxtwave-common-media-static/nw-studio-nkb-uploads/old/otg_prod/17-10-2020/17-10-2020-XPMIdentityPart2-Hindi-720p-V2_ibhlr.mp4,success,
79,s3://nw-studio-nkb-uploads/old/otg_prod/17-10-2020/17-10-2020-XPMIdentityPart2-Hindi-720p.mp4,s3://nxtwave-common-media-static/nw-studio-nkb-uploads/old/otg_prod/17-10-2020/17-10-2020-XPMIdentityPart2-Hindi-720p_ibhlr.mp4,success,
80,s3://nw-studio-nkb-uploads/old/otg_prod/17-10-2020/17-10-2020-XPMIdentityPart2-Telugu720p-V2.mp4,s3://nxtwave-common-media-static/nw-studio-nkb-uploads/old/otg_prod/17-10-2020/17-10-2020-XPMIdentityPart2-Telugu720p-V2_ibhlr.mp4,success,
81,s3://nw-studio-nkb-uploads/old/otg_prod/17-10-2020/17-10-2020-XPMIdentityPart2-Telugu720p.mp4,s3://nxtwave-common-media-static/nw-studio-nkb-uploads/old/otg_prod/17-10-2020/17-10-2020-XPMIdentityPart2-Telugu720p_ibhlr.mp4,success,
82,s3://nw-studio-nkb-uploads/old/otg_prod/19-10-2020/19-10-2020-CodeWalkThrough-English-v1-720p.mp4,s3://nxtwave-common-media-static/nw-studio-nkb-uploads/old/otg_prod/19-10-2020/19-10-2020-CodeWalkThrough-English-v1-720p_ibhlr.mp4,success,"Only IB HUbs@1m16s(right-to-left,120px);Logo Bottom Right 2@1m16s(right-to-left,988px);NX IB 3@1m16s(right-to-left,120px)"
83,s3://nw-studio-nkb-uploads/old/otg_prod/19-10-2020/19-10-2020-FavouritePlacesSection-English-V1-720.mp4,s3://nxtwave-common-media-static/nw-studio-nkb-uploads/old/otg_prod/19-10-2020/19-10-2020-FavouritePlacesSection-English-V1-720_ibhlr.mp4,success,"Only IB HUbs@3m21s(right-to-left,43px);Logo Bottom Right 2@3m21s(right-to-left,43px);NX IB 3@3m21s(right-to-left,43px);Nxtwave With IB in Slide@3m22s(left-to-right,32px)"
84,s3://nw-studio-nkb-uploads/old/otg_prod/19-10-2020/19-10-2020-FavouritePlacesSection-Hindi-V1-720p.mp4,s3://nxtwave-common-media-static/nw-studio-nkb-uploads/old/otg_prod/19-10-2020/19-10-2020-FavouritePlacesSection-Hindi-V1-720p_ibhlr.mp4,success,"Nxtwave With IB Small@1m50s(right-to-left,85px)"
85,s3://nw-studio-nkb-uploads/old/otg_prod/19-10-2020/19-10-2020-FavouritePlacesSection-Telugu-v1-720p.mp4,s3://nxtwave-common-media-static/nw-studio-nkb-uploads/old/otg_prod/19-10-2020/19-10-2020-FavouritePlacesSection-Telugu-v1-720p_ibhlr.mp4,success,"Only IB HUbs@0m57s(right-to-left,66px);Logo Bottom Right 2@0m57s(right-to-left,66px);NX IB 3@0m57s(right-to-left,66px)"
86,s3://nw-studio-nkb-uploads/old/otg_prod/19-10-2020/19-10-2020-k-NN-part-4-English-V1-720p-1.7.mp4,s3://nxtwave-common-media-static/nw-studio-nkb-uploads/old/otg_prod/19-10-2020/19-10-2020-k-NN-part-4-English-V1-720p-1.7_ibhlr.mp4,success,
87,s3://nw-studio-nkb-uploads/ccbp_prod/media/video_content/projects/build_your_own_static_website/telugu/20-10-2020-IntrodutionToBootstrapPart2-Telugu-rahul-V2.mp4,,error: Expected output not found: ./processed_videos87/20-10-2020-IntrodutionToBootstrapPart2-Telugu-rahul-V2_ibhlr.mp4,
88,s3://nw-studio-nkb-uploads/old/otg_prod/20-10-2020/20-10-2020-IdentifyingOpportunitiesPart3-English-V1-720p.mp4,s3://nxtwave-common-media-static/nw-studio-nkb-uploads/old/otg_prod/20-10-2020/20-10-2020-IdentifyingOpportunitiesPart3-English-V1-720p_ibhlr.mp4,success,"IB HUbs In Slide@0m15s(right-to-left,54px);IB Co In Slide@0m15s(right-to-left,54px);Only IB HUbs@0m52s(right-to-left,123px);Logo Bottom Right 2@0m52s(right-to-left,994px);NX IB 3@0m52s(right-to-left,123px);Only IB HUbs@0m57s(right-to-left,246px);Logo Bottom Right 2@0m57s(right-to-left,246px);NX IB 3@0m57s(right-to-left,246px);Nxtwave With IB in Slide@0m53s(left-to-right,747px);Nxtwave With IB in Slide@0m58s(right-to-left,610px);Only IB HUbs@1m46s(right-to-left,472px);Logo Bottom Right 2@1m46s(right-to-left,473px);NX IB 3@1m46s(right-to-left,23px);Only IB HUbs@1m49s(right-to-left,265px);Logo Bottom Right 2@1m49s(right-to-left,265px);NX IB 3@1m49s(right-to-left,265px);Nxtwave With IB in Slide@1m47s(left-to-right,207px);Nxtwave With IB in Slide@1m50s(right-to-left,611px);Only IB HUbs@2m10s(right-to-left,348px);Logo Bottom Right 2@2m10s(right-to-left,657px);NX IB 3@2m10s(right-to-left,348px);Nxtwave With IB in Slide@2m11s(left-to-right,553px);Only IB HUbs@2m29s(right-to-left,53px);Logo Bottom Right 2@2m29s(right-to-left,556px);NX IB 3@2m29s(right-to-left,53px);Only IB HUbs@3m15s(right-to-left,45px);Logo Bottom Right 2@3m15s(right-to-left,45px);NX IB 3@3m15s(right-to-left,45px);Only IB HUbs@4m14s(right-to-left,445px);Logo Bottom Right 2@4m14s(right-to-left,445px);NX IB 3@4m14s(right-to-left,16px);Nxtwave With IB Small@5m36s(right-to-left,277px);Nxtwave With IB Small@5m38s(right-to-left,44px);Nxtwave With IB Small@8m3s(right-to-left,24px);Only IB HUbs@8m6s(right-to-left,18px);Logo Bottom Right 2@8m6s(right-to-left,18px);NX IB 3@8m6s(right-to-left,18px);Nxtwave With IB Small@10m23s(right-to-left,105px);Nxtwave With IB Small@12m9s(right-to-left,31px);Nxtwave With IB Small@13m42s(right-to-left,181px);Only IB HUbs@14m59s(right-to-left,73px);Logo Bottom Right 2@14m59s(right-to-left,940px);NX IB 3@14m59s(right-to-left,74px);Nxtwave With IB Small@16m34s(right-to-left,33px);Only IB HUbs@16m57s(right-to-left,138px);Logo Bottom Right 2@16m57s(right-to-left,138px);NX IB 3@16m57s(right-to-left,138px);Only IB HUbs@17m10s(right-to-left,124px);Logo Bottom Right 2@17m10s(right-to-left,125px);NX IB 3@17m10s(right-to-left,125px);Nxtwave With IB in Slide@17m11s(right-to-left,596px);Nxtwave With IB Small@19m20s(left-to-right,23px);Only IB HUbs@19m29s(right-to-left,58px);Logo Bottom Right 2@19m29s(right-to-left,598px);NX IB 3@19m29s(right-to-left,58px);Only IB HUbs@19m35s(right-to-left,141px);Logo Bottom Right 2@19m35s(right-to-left,142px);NX IB 3@19m35s(right-to-left,142px);Nxtwave With IB in Slide@19m30s(left-to-right,456px);Nxtwave With IB in Slide@19m36s(right-to-left,542px);Only IB HUbs@20m27s(right-to-left,346px);Logo Bottom Right 2@20m27s(right-to-left,347px);NX IB 3@20m27s(right-to-left,347px);Nxtwave With IB in Slide@20m28s(right-to-left,616px);Only IB HUbs@20m54s(right-to-left,24px);Logo Bottom Right 2@20m54s(right-to-left,794px);NX IB 3@20m54s(right-to-left,24px);Only IB HUbs@21m37s(right-to-left,128px);Logo Bottom Right 2@21m37s(right-to-left,128px);NX IB 3@21m37s(right-to-left,128px);Only IB HUbs@21m59s(right-to-left,72px);Logo Bottom Right 2@21m59s(right-to-left,72px);NX IB 3@21m59s(right-to-left,72px);Nxtwave With IB in Slide@22m0s(right-to-left,494px);Only IB HUbs@23m46s(right-to-left,43px);Logo Bottom Right 2@23m46s(right-to-left,44px);NX IB 3@23m46s(right-to-left,44px);Only IB HUbs@24m7s(right-to-left,260px);Logo Bottom Right 2@24m7s(right-to-left,261px);NX IB 3@24m7s(right-to-left,261px);Nxtwave With IB in Slide@24m8s(right-to-left,583px);Only IB HUbs@24m17s(right-to-left,45px);Logo Bottom Right 2@24m17s(right-to-left,895px);NX IB 3@24m17s(right-to-left,45px);Nxtwave With IB in Slide@24m8s(right-to-left,634px);Nxtwave With IB Small@25m13s(right-to-left,146px);Only IB HUbs@26m8s(right-to-left,450px);Logo Bottom Right 2@26m8s(right-to-left,451px);NX IB 3@26m8s(right-to-left,17px);Only IB HUbs@26m21s(right-to-left,188px);Logo Bottom Right 2@26m21s(right-to-left,189px);NX IB 3@26m21s(right-to-left,189px);Only IB HUbs@26m39s(right-to-left,27px);Logo Bottom Right 2@26m39s(right-to-left,27px);NX IB 3@26m39s(right-to-left,27px);Nxtwave With IB in Slide@26m40s(right-to-left,490px);Only IB HUbs@26m45s(right-to-left,284px);Logo Bottom Right 2@26m45s(right-to-left,285px);NX IB 3@26m45s(right-to-left,285px);Nxtwave With IB in Slide@26m40s(right-to-left,257px);Nxtwave With IB in Slide@26m46s(right-to-left,614px);Only IB HUbs@28m38s(right-to-left,101px);Logo Bottom Right 2@28m38s(right-to-left,102px);NX IB 3@28m38s(right-to-left,102px);Nxtwave With IB in Slide@28m40s(right-to-left,246px);Only IB HUbs@28m41s(right-to-left,80px);Logo Bottom Right 2@28m41s(right-to-left,81px);NX IB 3@28m41s(right-to-left,81px);Only IB HUbs@28m48s(bottom-to-top,0px);Logo Bottom Right 2@28m48s(right-to-left,866px);NX IB 3@28m48s(bottom-to-top,0px);Nxtwave With IB in Slide@28m39s(right-to-left,764px);Nxtwave With IB in Slide@28m50s(left-to-right,615px);Logo Bottom Right 2@28m50s(left-to-right,925px);Only IB HUbs@28m56s(right-to-left,18px);Logo Bottom Right 2@28m56s(right-to-left,18px);NX IB 3@28m56s(right-to-left,18px);Only IB HUbs@28m50s(right-to-left,160px);Only IB HUbs@28m56s(right-to-left,338px);Logo Bottom Right 2@28m56s(right-to-left,338px);NX IB 3@28m56s(right-to-left,338px);Nxtwave With IB in Slide@28m50s(left-to-right,587px);Only IB HUbs@28m57s(left-to-right,131px);Only IB HUbs@28m58s(left-to-right,339px);Logo Bottom Right 2@28m58s(right-to-left,616px);NX IB 3@28m58s(left-to-right,339px);Nxtwave With IB in Slide@28m58s(right-to-left,616px);Only IB HUbs@28m58s(left-to-right,338px);Logo Bottom Right 2@28m58s(left-to-right,338px);NX IB 3@28m58s(left-to-right,338px);Nxtwave With IB in Slide@28m58s(left-to-right,156px);Only IB HUbs@29m2s(bottom-to-top,0px);Logo Bottom Right 2@29m2s(bottom-to-top,0px);NX IB 3@29m2s(bottom-to-top,0px);Nxtwave With IB in Slide@29m3s(right-to-left,592px);Nxtwave With IB Small@30m5s(right-to-left,206px);Only IB HUbs@30m10s(right-to-left,437px);Logo Bottom Right 2@30m10s(right-to-left,438px);NX IB 3@30m10s(right-to-left,190px);Only IB HUbs@30m13s(right-to-left,91px);Logo Bottom Right 2@30m13s(right-to-left,91px);NX IB 3@30m13s(right-to-left,91px);Nxtwave With IB in Slide@30m11s(left-to-right,347px);Only IB HUbs@30m18s(right-to-left,36px);Logo Bottom Right 2@30m18s(right-to-left,516px);NX IB 3@30m18s(right-to-left,37px);Nxtwave With IB in Slide@30m14s(right-to-left,425px);Only IB HUbs@30m24s(right-to-left,452px);Logo Bottom Right 2@30m24s(left-to-right,35px);NX IB 3@30m24s(right-to-left,179px);Only IB HUbs@30m27s(right-to-left,66px);Logo Bottom Right 2@30m27s(right-to-left,898px);NX IB 3@30m27s(right-to-left,66px);Nxtwave With IB in Slide@30m19s(right-to-left,383px);Only IB HUbs@30m27s(right-to-left,304px);NX IB 3@30m27s(right-to-left,304px);Nxtwave With IB in Slide@30m29s(right-to-left,615px);Only IB HUbs@30m30s(right-to-left,66px);Logo Bottom Right 2@30m30s(right-to-left,66px);NX IB 3@30m30s(right-to-left,66px);Nxtwave With IB Small@30m33s(right-to-left,192px);Nxtwave With IB Small@32m18s(right-to-left,262px);IB HUbs In Slide@32m19s(right-to-left,109px);IB Co In Slide@32m19s(right-to-left,110px);IB HUbs In Slide@32m22s(right-to-left,125px);IB Co In Slide@32m22s(right-to-left,125px)"
89,s3://nw-studio-nkb-uploads/old/otg_prod/20-10-2020/20-10-2020-IdentifyingOpportunitiesPart3-Hindi-V1-720p.mp4,s3://nxtwave-common-media-static/nw-studio-nkb-uploads/old/otg_prod/20-10-2020/20-10-2020-IdentifyingOpportunitiesPart3-Hindi-V1-720p_ibhlr.mp4,success,"IB HUbs In Slide@0m16s(right-to-left,40px);IB Co In Slide@0m16s(right-to-left,39px);Nxtwave With IB Small@0m17s(right-to-left,22px);Only IB HUbs@0m57s(right-to-left,93px);Logo Bottom Right 2@0m57s(right-to-left,947px);NX IB 3@0m57s(right-to-left,93px);Nxtwave With IB Small@1m14s(right-to-left,92px);Only IB HUbs@1m33s(right-to-left,446px);Logo Bottom Right 2@1m33s(right-to-left,447px);NX IB 3@1m33s(right-to-left,16px);Only IB HUbs@2m1s(right-to-left,371px);Logo Bottom Right 2@2m1s(right-to-left,371px);NX IB 3@2m1s(right-to-left,371px);Nxtwave With IB in Slide@2m2s(right-to-left,613px);Only IB HUbs@2m48s(right-to-left,83px);Logo Bottom Right 2@2m48s(right-to-left,84px);NX IB 3@2m48s(right-to-left,84px);Only IB HUbs@3m34s(right-to-left,71px);Logo Bottom Right 2@3m34s(right-to-left,912px);NX IB 3@3m34s(right-to-left,71px);Only IB HUbs@4m23s(left-to-right,26px);Logo Bottom Right 2@4m23s(left-to-right,26px);NX IB 3@4m23s(left-to-right,26px);Only IB HUbs@4m59s(right-to-left,211px);Logo Bottom Right 2@4m59s(right-to-left,212px);NX IB 3@4m59s(right-to-left,212px);Nxtwave With IB in Slide@5m0s(right-to-left,603px);Only IB HUbs@5m33s(right-to-left,28px);Logo Bottom Right 2@5m33s(right-to-left,809px);NX IB 3@5m33s(right-to-left,29px);Only IB HUbs@5m54s(right-to-left,40px);Logo Bottom Right 2@5m54s(right-to-left,527px);NX IB 3@5m54s(right-to-left,40px);Nxtwave With IB Small@6m52s(right-to-left,102px);Nxtwave With IB Small@9m16s(right-to-left,142px);Only IB HUbs@10m40s(right-to-left,246px);Logo Bottom Right 2@10m40s(right-to-left,792px);NX IB 3@10m40s(right-to-left,247px);Nxtwave With IB in Slide@10m41s(left-to-right,741px);Only IB HUbs@10m48s(right-to-left,15px);Logo Bottom Right 2@10m48s(right-to-left,699px);NX IB 3@10m48s(right-to-left,15px);Nxtwave With IB in Slide@10m41s(left-to-right,93px);Only IB HUbs@10m41s(left-to-right,93px);Only IB HUbs@11m20s(right-to-left,35px);Logo Bottom Right 2@11m20s(right-to-left,582px);NX IB 3@11m20s(right-to-left,35px);Only IB HUbs@12m26s(right-to-left,297px);Logo Bottom Right 2@12m26s(right-to-left,298px);NX IB 3@12m26s(right-to-left,298px);Only IB HUbs@12m34s(right-to-left,156px);Logo Bottom Right 2@12m34s(right-to-left,156px);NX IB 3@12m34s(right-to-left,156px);Only IB HUbs@13m49s(right-to-left,16px);Logo Bottom Right 2@13m49s(right-to-left,16px);NX IB 3@13m49s(right-to-left,16px);Nxtwave With IB Small@14m44s(right-to-left,46px);Only IB HUbs@15m1s(right-to-left,129px);Logo Bottom Right 2@15m1s(right-to-left,696px);NX IB 3@15m1s(right-to-left,128px);Only IB HUbs@16m13s(right-to-left,56px);Logo Bottom Right 2@16m13s(right-to-left,57px);NX IB 3@16m13s(right-to-left,57px);Nxtwave With IB in Slide@16m14s(right-to-left,511px);Only IB HUbs@17m42s(right-to-left,25px);Logo Bottom Right 2@17m42s(right-to-left,798px);NX IB 3@17m42s(right-to-left,25px);Only IB HUbs@18m57s(right-to-left,143px);Logo Bottom Right 2@18m57s(right-to-left,143px);NX IB 3@18m57s(right-to-left,143px);Only IB HUbs@19m36s(right-to-left,469px);Logo Bottom Right 2@19m36s(right-to-left,469px);NX IB 3@19m36s(right-to-left,43px);Nxtwave With IB Small@20m49s(right-to-left,288px);Only IB HUbs@21m3s(right-to-left,27px);Logo Bottom Right 2@21m3s(right-to-left,27px);NX IB 3@21m3s(right-to-left,27px);Nxtwave With IB in Slide@21m4s(right-to-left,488px);Only IB HUbs@21m13s(right-to-left,485px);Logo Bottom Right 2@21m13s(right-to-left,486px);NX IB 3@21m13s(right-to-left,14px);Nxtwave With IB in Slide@21m4s(right-to-left,458px);Only IB HUbs@21m21s(right-to-left,123px);Logo Bottom Right 2@21m21s(right-to-left,123px);NX IB 3@21m21s(right-to-left,123px);Only IB HUbs@22m29s(right-to-left,58px);Logo Bottom Right 2@22m29s(right-to-left,58px);NX IB 3@22m29s(right-to-left,58px);Nxtwave With IB in Slide@22m30s(right-to-left,512px);Nxtwave With IB Small@23m32s(right-to-left,162px);Only IB HUbs@23m44s(right-to-left,25px);Logo Bottom Right 2@23m44s(right-to-left,800px);NX IB 3@23m44s(right-to-left,25px);Only IB HUbs@24m41s(right-to-left,131px);Logo Bottom Right 2@24m41s(right-to-left,1007px);NX IB 3@24m41s(right-to-left,130px);Nxtwave With IB Small@25m27s(right-to-left,22px);Only IB HUbs@26m31s(right-to-left,134px);Logo Bottom Right 2@26m31s(right-to-left,135px);NX IB 3@26m31s(right-to-left,135px);Nxtwave With IB Small@27m3s(right-to-left,88px);Nxtwave With IB Small@27m53s(right-to-left,66px);Nxtwave With IB Small@28m44s(right-to-left,168px);Only IB HUbs@29m29s(right-to-left,147px);Logo Bottom Right 2@29m29s(right-to-left,146px);NX IB 3@29m29s(right-to-left,146px);Nxtwave With IB Small@30m7s(right-to-left,15px);Only IB HUbs@30m57s(right-to-left,106px);Logo Bottom Right 2@30m57s(right-to-left,106px);NX IB 3@30m57s(right-to-left,106px);Nxtwave With IB Small@32m18s(right-to-left,23px);Nxtwave With IB Small@34m16s(right-to-left,54px);Nxtwave With IB Small@34m48s(right-to-left,279px);Only IB HUbs@36m40s(right-to-left,122px);Logo Bottom Right 2@36m40s(right-to-left,991px);NX IB 3@36m40s(right-to-left,122px);Only IB HUbs@38m8s(right-to-left,99px);Logo Bottom Right 2@38m8s(right-to-left,99px);NX IB 3@38m8s(right-to-left,99px);Nxtwave With IB in Slide@38m9s(right-to-left,548px);Nxtwave With IB Small@38m54s(right-to-left,224px);Nxtwave With IB Small@41m1s(right-to-left,110px)"
90,s3://nw-studio-nkb-uploads/old/otg_prod/20-10-2020/20-10-2020-IdentifyingOpportunitiesPart3-Telugu-V1-720p.mp4,s3://nxtwave-common-media-static/nw-studio-nkb-uploads/old/otg_prod/20-10-2020/20-10-2020-IdentifyingOpportunitiesPart3-Telugu-V1-720p_ibhlr.mp4,success,"IB Co In Slide@0m19s(right-to-left,108px);Only IB HUbs@1m2s(right-to-left,105px);Logo Bottom Right 2@1m2s(right-to-left,105px);NX IB 3@1m2s(right-to-left,105px);Only IB HUbs@1m11s(right-to-left,73px);Logo Bottom Right 2@1m11s(right-to-left,598px);NX IB 3@1m11s(right-to-left,73px);Only IB HUbs@2m11s(right-to-left,80px);Logo Bottom Right 2@2m11s(right-to-left,615px);NX IB 3@2m11s(right-to-left,81px);Only IB HUbs@2m18s(right-to-left,15px);Logo Bottom Right 2@2m18s(right-to-left,15px);NX IB 3@2m18s(right-to-left,15px);Only IB HUbs@2m12s(right-to-left,410px);Only IB HUbs@2m28s(right-to-left,387px);Logo Bottom Right 2@2m28s(right-to-left,387px);NX IB 3@2m28s(right-to-left,132px);Only IB HUbs@2m57s(right-to-left,40px);Logo Bottom Right 2@2m57s(right-to-left,41px);NX IB 3@2m57s(right-to-left,41px);Only IB HUbs@7m30s(right-to-left,63px);Logo Bottom Right 2@7m30s(right-to-left,893px);NX IB 3@7m30s(right-to-left,64px);Only IB HUbs@7m40s(right-to-left,28px);Logo Bottom Right 2@7m40s(right-to-left,809px);NX IB 3@7m40s(right-to-left,29px);Nxtwave With IB in Slide@7m31s(left-to-right,84px);Only IB HUbs@7m31s(left-to-right,84px);Nxtwave With IB in Slide@7m41s(left-to-right,524px);Nxtwave With IB in Slide@7m41s(left-to-right,524px);Only IB HUbs@7m42s(bottom-to-top,0px);Logo Bottom Right 2@7m42s(bottom-to-top,0px);NX IB 3@7m42s(bottom-to-top,0px);Nxtwave With IB in Slide@7m43s(right-to-left,614px);Nxtwave With IB Small@9m23s(left-to-right,49px);Only IB HUbs@10m12s(right-to-left,114px);Logo Bottom Right 2@10m12s(right-to-left,977px);NX IB 3@10m12s(right-to-left,114px);Nxtwave With IB Small@12m4s(right-to-left,139px);Nxtwave With IB Small@14m37s(right-to-left,118px);Only IB HUbs@16m16s(right-to-left,73px);Logo Bottom Right 2@16m16s(right-to-left,73px);NX IB 3@16m16s(right-to-left,73px);Only IB HUbs@19m6s(right-to-left,268px);Logo Bottom Right 2@19m6s(right-to-left,871px);NX IB 3@19m6s(right-to-left,268px);Nxtwave With IB in Slide@19m7s(left-to-right,611px);Only IB HUbs@19m7s(right-to-left,13px);Nxtwave With IB in Slide@19m7s(left-to-right,600px);Only IB HUbs@19m8s(bottom-to-top,0px);Logo Bottom Right 2@19m8s(bottom-to-top,0px);NX IB 3@19m8s(bottom-to-top,0px);Nxtwave With IB in Slide@19m9s(left-to-right,226px);Nxtwave With IB Small@20m13s(right-to-left,53px);Nxtwave With IB Small@21m49s(right-to-left,268px);Only IB HUbs@22m26s(right-to-left,74px);Logo Bottom Right 2@22m26s(right-to-left,75px);NX IB 3@22m26s(right-to-left,75px);Only IB HUbs@22m36s(right-to-left,204px);Logo Bottom Right 2@22m36s(right-to-left,204px);NX IB 3@22m36s(right-to-left,204px);Nxtwave With IB in Slide@22m37s(right-to-left,599px);Only IB HUbs@23m11s(right-to-left,96px);Logo Bottom Right 2@23m11s(right-to-left,921px);NX IB 3@23m11s(right-to-left,96px);Nxtwave With IB Small@23m35s(right-to-left,138px);Only IB HUbs@24m15s(right-to-left,27px);Logo Bottom Right 2@24m15s(right-to-left,774px);NX IB 3@24m15s(right-to-left,27px);Only IB HUbs@24m56s(right-to-left,52px);Logo Bottom Right 2@24m56s(right-to-left,53px);NX IB 3@24m56s(right-to-left,53px);Nxtwave With IB in Slide@24m57s(right-to-left,501px);Only IB HUbs@25m58s(right-to-left,87px);Logo Bottom Right 2@25m58s(right-to-left,594px);NX IB 3@25m58s(right-to-left,88px);Nxtwave With IB Small@27m50s(right-to-left,272px);Only IB HUbs@28m6s(right-to-left,39px);Logo Bottom Right 2@28m6s(right-to-left,39px);NX IB 3@28m6s(right-to-left,39px);Nxtwave With IB in Slide@28m7s(right-to-left,482px);Only IB HUbs@29m8s(right-to-left,166px);Logo Bottom Right 2@29m8s(right-to-left,167px);NX IB 3@29m8s(right-to-left,167px);Only IB HUbs@29m50s(right-to-left,126px);Logo Bottom Right 2@29m50s(right-to-left,728px);NX IB 3@29m50s(right-to-left,126px);Only IB HUbs@31m54s(right-to-left,107px);Logo Bottom Right 2@31m54s(right-to-left,107px);NX IB 3@31m54s(right-to-left,107px);Nxtwave With IB in Slide@31m55s(right-to-left,586px);Nxtwave With IB Small@33m58s(left-to-right,14px);Only IB HUbs@34m19s(right-to-left,19px);Logo Bottom Right 2@34m19s(right-to-left,19px);NX IB 3@34m19s(right-to-left,19px);Nxtwave With IB in Slide@34m20s(right-to-left,449px);Only IB HUbs@34m50s(right-to-left,254px);Logo Bottom Right 2@34m50s(right-to-left,254px);NX IB 3@34m50s(right-to-left,254px);Nxtwave With IB in Slide@34m51s(right-to-left,609px);IB HUbs In Slide@38m44s(bottom-to-top,0px);IB Co In Slide@38m44s(bottom-to-top,0px)"
91,s3://nw-studio-nkb-uploads/old/otg_prod/20-10-2020/20-10-2020-IntrodutionToBootstrapPart2-Telugu-rahul-720p-V1.mp4,s3://nxtwave-common-media-static/nw-studio-nkb-uploads/old/otg_prod/20-10-2020/20-10-2020-IntrodutionToBootstrapPart2-Telugu-rahul-720p-V1_ibhlr.mp4,success,"Nxtwave With IB Small@2m39s(right-to-left,283px);Logo Bottom Right 2@2m40s(left-to-right,997px)"
92,s3://nw-studio-nkb-uploads/ccbp_prod/media/video_content/projects/build_your_own_static_website/telugu/21-10-2020-favouritePlaceDetailedViewSection-Telugu-V4.mp4,,error: Expected output not found: ./processed_videos92/21-10-2020-favouritePlaceDetailedViewSection-Telugu-V4_ibhlr.mp4,
93,s3://nw-studio-nkb-uploads/old/otg_prod/21-10-2020/21-10-2020-codeWalkThrough2-English-V1-720p.mp4,s3://nxtwave-common-media-static/nw-studio-nkb-uploads/old/otg_prod/21-10-2020/21-10-2020-codeWalkThrough2-English-V1-720p_ibhlr.mp4,success,"Only IB HUbs@1m14s(left-to-right,22px);Logo Bottom Right 2@1m14s(left-to-right,22px);NX IB 3@1m14s(left-to-right,22px)"
94,s3://nw-studio-nkb-uploads/old/otg_prod/21-10-2020/21-10-2020-favouritePlaceDetailedViewSection-English-V1-720p.mp4,s3://nxtwave-common-media-static/nw-studio-nkb-uploads/old/otg_prod/21-10-2020/21-10-2020-favouritePlaceDetailedViewSection-English-V1-720p_ibhlr.mp4,success,
95,s3://nw-studio-nkb-uploads/old/otg_prod/21-10-2020/21-10-2020-favouritePlaceDetailedViewSection-Hindi-V1-720p.mp4,s3://nxtwave-common-media-static/nw-studio-nkb-uploads/old/otg_prod/21-10-2020/21-10-2020-favouritePlaceDetailedViewSection-Hindi-V1-720p_ibhlr.mp4,success,
96,s3://nw-studio-nkb-uploads/old/otg_prod/21-10-2020/21-10-2020-favouritePlaceDetailedViewSection-Telugu-V1-720p-new.mp4,s3://nxtwave-common-media-static/nw-studio-nkb-uploads/old/otg_prod/21-10-2020/21-10-2020-favouritePlaceDetailedViewSection-Telugu-V1-720p-new_ibhlr.mp4,success,
97,s3://nw-studio-nkb-uploads/old/otg_prod/21-10-2020/21-10-2020-favouritePlaceDetailedViewSection-Telugu-V1-720p.mp4,s3://nxtwave-common-media-static/nw-studio-nkb-uploads/old/otg_prod/21-10-2020/21-10-2020-favouritePlaceDetailedViewSection-Telugu-V1-720p_ibhlr.mp4,success,
98,s3://nw-studio-nkb-uploads/old/otg_prod/21-10-2020/21-10-2020-identifyingOpportunitiesPart3-Contd-English-V1-720p.mp4,s3://nxtwave-common-media-static/nw-studio-nkb-uploads/old/otg_prod/21-10-2020/21-10-2020-identifyingOpportunitiesPart3-Contd-English-V1-720p_ibhlr.mp4,success,"IB HUbs In Slide@0m15s(right-to-left,77px);IB Co In Slide@0m15s(right-to-left,78px);Nxtwave With IB Small@0m16s(right-to-left,28px);Nxtwave With IB Small@0m16s(right-to-left,28px);Only IB HUbs@0m56s(right-to-left,102px);Logo Bottom Right 2@0m56s(right-to-left,961px);NX IB 3@0m56s(right-to-left,101px);Only IB HUbs@2m48s(right-to-left,19px);Logo Bottom Right 2@2m48s(right-to-left,19px);NX IB 3@2m48s(right-to-left,19px);Only IB HUbs@2m55s(right-to-left,53px);Logo Bottom Right 2@2m55s(right-to-left,52px);NX IB 3@2m55s(right-to-left,52px);Nxtwave With IB in Slide@2m56s(right-to-left,504px);Only IB HUbs@3m23s(right-to-left,79px);Logo Bottom Right 2@3m23s(right-to-left,78px);NX IB 3@3m23s(right-to-left,78px);Nxtwave With IB Small@4m24s(right-to-left,162px);Nxtwave With IB Small@4m55s(right-to-left,289px);Only IB HUbs@5m16s(right-to-left,380px);Logo Bottom Right 2@5m16s(right-to-left,380px);NX IB 3@5m16s(right-to-left,142px);Nxtwave With IB in Slide@5m17s(right-to-left,615px);Only IB HUbs@6m52s(right-to-left,345px);Logo Bottom Right 2@6m52s(right-to-left,345px);NX IB 3@6m52s(right-to-left,345px);Only IB HUbs@9m47s(right-to-left,368px);Logo Bottom Right 2@9m47s(right-to-left,367px);NX IB 3@9m47s(right-to-left,367px);Nxtwave With IB in Slide@9m48s(right-to-left,616px);Only IB HUbs@10m4s(right-to-left,63px);Logo Bottom Right 2@10m4s(right-to-left,62px);NX IB 3@10m4s(right-to-left,62px);Nxtwave With IB in Slide@10m5s(right-to-left,514px);Logo Bottom Right 2@11m15s(left-to-right,12px);NX IB 3@11m15s(left-to-right,12px);Only IB HUbs@12m19s(right-to-left,19px);Logo Bottom Right 2@12m19s(right-to-left,19px);NX IB 3@12m19s(right-to-left,19px);Nxtwave With IB in Slide@12m20s(right-to-left,537px);Only IB HUbs@13m15s(right-to-left,409px);Logo Bottom Right 2@13m15s(right-to-left,408px);NX IB 3@13m16s(right-to-left,140px);Nxtwave With IB in Slide@13m16s(right-to-left,585px);Only IB HUbs@15m29s(right-to-left,12px);Logo Bottom Right 2@15m29s(right-to-left,12px);NX IB 3@15m29s(right-to-left,12px);Nxtwave With IB Small@16m32s(right-to-left,273px);Nxtwave With IB Small@18m51s(right-to-left,97px);Nxtwave With IB Small@21m4s(right-to-left,146px);Nxtwave With IB Small@24m12s(right-to-left,213px);Nxtwave With IB Small@26m22s(right-to-left,88px);Only IB HUbs@26m53s(right-to-left,488px);Logo Bottom Right 2@26m53s(right-to-left,487px);NX IB 3@26m53s(left-to-right,23px);Nxtwave With IB in Slide@26m54s(left-to-right,461px);Only IB HUbs@27m8s(right-to-left,67px);Logo Bottom Right 2@27m7s(right-to-left,617px);NX IB 3@27m8s(right-to-left,66px);Only IB HUbs@31m39s(right-to-left,21px);Logo Bottom Right 2@31m39s(right-to-left,21px);NX IB 3@31m39s(right-to-left,21px);Nxtwave With IB in Slide@31m40s(right-to-left,467px);Only IB HUbs@33m4s(right-to-left,200px);Logo Bottom Right 2@33m4s(right-to-left,200px);NX IB 3@33m4s(right-to-left,200px);IB HUbs In Slide@33m7s(right-to-left,39px);IB Co In Slide@33m6s(right-to-left,119px)"
99,s3://nw-studio-nkb-uploads/old/otg_prod/21-10-2020/21-10-2020-identifyingOpportunitiesPart3-Contd-Telugu-V1-720p.mp4,s3://nxtwave-common-media-static/nw-studio-nkb-uploads/old/otg_prod/21-10-2020/21-10-2020-identifyingOpportunitiesPart3-Contd-Telugu-V1-720p_ibhlr.mp4,success,"IB HUbs In Slide@0m17s(right-to-left,93px);IB Co In Slide@0m17s(right-to-left,92px);Nxtwave With IB in Slide@3m2s(right-to-left,414px);Only IB HUbs@5m31s(right-to-left,80px);Logo Bottom Right 2@5m31s(right-to-left,952px);NX IB 3@5m31s(right-to-left,81px);Only IB HUbs@6m8s(right-to-left,256px);Logo Bottom Right 2@6m8s(right-to-left,577px);NX IB 3@6m8s(right-to-left,255px);Nxtwave With IB in Slide@6m9s(left-to-right,514px);Only IB HUbs@6m29s(right-to-left,15px);Logo Bottom Right 2@6m29s(right-to-left,15px);NX IB 3@6m29s(right-to-left,15px);Only IB HUbs@6m31s(right-to-left,2px);Nxtwave With IB in Slide@6m32s(right-to-left,585px);Only IB HUbs@6m32s(left-to-right,296px);Logo Bottom Right 2@6m32s(left-to-right,296px);NX IB 3@6m32s(left-to-right,296px);Only IB HUbs@7m25s(right-to-left,67px);Logo Bottom Right 2@7m25s(right-to-left,586px);NX IB 3@7m25s(right-to-left,67px);Logo Bottom Right 2@10m43s(left-to-right,850px);Only IB HUbs@12m40s(right-to-left,289px);Logo Bottom Right 2@12m40s(right-to-left,289px);NX IB 3@12m40s(right-to-left,289px);Nxtwave With IB in Slide@12m41s(left-to-right,271px);Nxtwave With IB in Slide@12m44s(right-to-left,469px);Only IB HUbs@12m44s(left-to-right,18px);Logo Bottom Right 2@12m44s(left-to-right,18px);NX IB 3@12m44s(left-to-right,18px);Only IB HUbs@12m50s(right-to-left,322px);Logo Bottom Right 2@12m50s(right-to-left,323px);NX IB 3@12m50s(right-to-left,323px);Nxtwave With IB in Slide@12m44s(right-to-left,304px);Nxtwave With IB in Slide@12m51s(right-to-left,616px);Only IB HUbs@13m44s(right-to-left,132px);Logo Bottom Right 2@13m44s(right-to-left,1002px);NX IB 3@13m44s(right-to-left,132px);Only IB HUbs@14m49s(right-to-left,54px);Logo Bottom Right 2@14m49s(right-to-left,54px);NX IB 3@14m49s(right-to-left,54px);Nxtwave With IB in Slide@14m50s(right-to-left,504px);Nxtwave With IB Small@18m3s(right-to-left,186px);Nxtwave With IB Small@21m15s(right-to-left,17px);Nxtwave With IB in Slide@21m18s(right-to-left,571px);Only IB HUbs@21m18s(left-to-right,135px);Logo Bottom Right 2@21m18s(left-to-right,136px);NX IB 3@21m18s(left-to-right,136px);Only IB HUbs@22m56s(right-to-left,65px);Logo Bottom Right 2@22m56s(right-to-left,65px);NX IB 3@22m56s(right-to-left,66px);Big IB HUbs In Slide@22m57s(right-to-left,149px);Big IB CO HUbs In Slide@22m57s(right-to-left,149px);Big IB HUbs In Slide@24m2s(left-to-right,87px);Big IB CO HUbs In Slide@24m2s(right-to-left,434px);Big IB HUbs In Slide@24m5s(top-to-bottom,65px)"
100,s3://nw-studio-nkb-uploads/old/otg_prod/21-10-2020/21-10-2020-visualizingYourIdentity-English-V1-720p.mp4,s3://nxtwave-common-media-static/nw-studio-nkb-uploads/old/otg_prod/21-10-2020/21-10-2020-visualizingYourIdentity-English-V1-720p_ibhlr.mp4,success,
101,s3://nw-studio-nkb-uploads/old/otg_prod/21-10-2020/21-10-2020-visualizingYourIdentity-Hindi-720p.mp4,s3://nxtwave-common-media-static/nw-studio-nkb-uploads/old/otg_prod/21-10-2020/21-10-2020-visualizingYourIdentity-Hindi-720p_ibhlr.mp4,success,
102,s3://nw-studio-nkb-uploads/old/otg_prod/21-10-2020/21-10-2020-visualizingYourIdentity-Telugu-V1-720p.mp4,s3://nxtwave-common-media-static/nw-studio-nkb-uploads/old/otg_prod/21-10-2020/21-10-2020-visualizingYourIdentity-Telugu-V1-720p_ibhlr.mp4,success,"Nxtwave With IB Small@5m37s(left-to-right,16px)"
103,s3://nw-studio-nkb-uploads/ccbp_prod/media/video_content/tech_foundations/programming_foundations/english/22-10-2020-relationalOperators-English-V2.mp4,,error: Expected output not found: ./processed_videos103/22-10-2020-relationalOperators-English-V2_ibhlr.mp4,
104,s3://nw-studio-nkb-uploads/ccbp_prod/media/video_content/tech_foundations/programming_foundations/hindi/22-10-2020-relationalOperators-Hindi-V2.mp4,,error: Expected output not found: ./processed_videos104/22-10-2020-relationalOperators-Hindi-V2_ibhlr.mp4,
105,s3://nw-studio-nkb-uploads/ccbp_prod/media/video_content/tech_foundations/programming_foundations/telugu/22-10-2020-relationalOperators-Telugu-V2.mp4,,error: Expected output not found: ./processed_videos105/22-10-2020-relationalOperators-Telugu-V2_ibhlr.mp4,
106,s3://nw-studio-nkb-uploads/old/otg_prod/22-10-2020/22-10-2020-RelationalOperators-Hindi-V1-720p.mp4,s3://nxtwave-common-media-static/nw-studio-nkb-uploads/old/otg_prod/22-10-2020/22-10-2020-RelationalOperators-Hindi-V1-720p_ibhlr.mp4,success,"Only IB HUbs@4m19s(right-to-left,205px);Logo Bottom Right 2@4m19s(right-to-left,206px);NX IB 3@4m19s(right-to-left,206px);Nxtwave With IB in Slide@4m20s(right-to-left,570px)"
107,s3://nw-studio-nkb-uploads/old/otg_prod/22-10-2020/22-10-2020-identifyingOpportunitiesChallenges-English-V1-720p.mp4,s3://nxtwave-common-media-static/nw-studio-nkb-uploads/old/otg_prod/22-10-2020/22-10-2020-identifyingOpportunitiesChallenges-English-V1-720p_ibhlr.mp4,success,"IB HUbs In Slide@0m20s(right-to-left,14px);IB Co In Slide@0m20s(right-to-left,13px);Nxtwave With IB Small@0m21s(right-to-left,37px);Nxtwave With IB Small@0m21s(right-to-left,39px);Nxtwave With IB Small@1m33s(right-to-left,93px);Only IB HUbs@3m6s(right-to-left,57px);Logo Bottom Right 2@3m6s(right-to-left,56px);NX IB 3@3m6s(right-to-left,56px);Only IB HUbs@4m3s(right-to-left,27px);Logo Bottom Right 2@4m3s(right-to-left,977px);NX IB 3@4m3s(right-to-left,26px);Only IB HUbs@5m0s(right-to-left,63px);Logo Bottom Right 2@5m0s(right-to-left,611px);NX IB 3@5m0s(right-to-left,62px);Only IB HUbs@5m38s(left-to-right,24px);Logo Bottom Right 2@5m38s(left-to-right,25px);NX IB 3@5m38s(left-to-right,25px);Only IB HUbs@8m20s(right-to-left,50px);Logo Bottom Right 2@8m20s(right-to-left,50px);NX IB 3@8m20s(right-to-left,50px);Nxtwave With IB in Slide@8m21s(right-to-left,532px);Only IB HUbs@8m54s(right-to-left,71px);Logo Bottom Right 2@8m54s(right-to-left,71px);NX IB 3@8m54s(right-to-left,71px);Nxtwave With IB in Slide@8m55s(right-to-left,523px);NX IB 4@9m42s(right-to-left,77px);Only IB HUbs@10m19s(right-to-left,93px);Logo Bottom Right 2@10m19s(right-to-left,891px);NX IB 3@10m19s(right-to-left,94px);Only IB HUbs@10m38s(right-to-left,110px);Logo Bottom Right 2@10m38s(right-to-left,977px);NX IB 3@10m38s(right-to-left,110px);Only IB HUbs@11m27s(left-to-right,13px);Logo Bottom Right 2@11m27s(left-to-right,13px);NX IB 3@11m27s(left-to-right,13px);Only IB HUbs@11m45s(right-to-left,49px);Logo Bottom Right 2@11m45s(right-to-left,796px);NX IB 3@11m45s(right-to-left,48px);Nxtwave With IB Small@15m11s(right-to-left,235px);Only IB HUbs@15m27s(right-to-left,134px);Logo Bottom Right 2@15m27s(right-to-left,1011px);NX IB 3@15m27s(right-to-left,134px);Only IB HUbs@15m47s(right-to-left,33px);Logo Bottom Right 2@15m47s(right-to-left,504px);NX IB 3@15m47s(right-to-left,33px);Only IB HUbs@17m52s(right-to-left,224px);Logo Bottom Right 2@17m52s(right-to-left,223px);NX IB 3@17m52s(right-to-left,223px);Nxtwave With IB in Slide@17m53s(right-to-left,575px);Only IB HUbs@18m28s(right-to-left,33px);NX IB 3@18m28s(right-to-left,32px);Logo Bottom Right 2@18m28s(bottom-to-top,0px);Only IB HUbs@19m21s(right-to-left,63px);Logo Bottom Right 2@19m21s(right-to-left,862px);NX IB 3@19m21s(right-to-left,62px);Only IB HUbs@20m16s(right-to-left,405px);Logo Bottom Right 2@20m16s(right-to-left,405px);NX IB 3@20m16s(right-to-left,114px);Nxtwave With IB in Slide@20m17s(right-to-left,584px);Nxtwave With IB Small@22m13s(right-to-left,178px);Only IB HUbs@22m59s(right-to-left,13px);Logo Bottom Right 2@22m59s(right-to-left,12px);NX IB 3@22m59s(right-to-left,12px);Only IB HUbs@25m14s(right-to-left,224px);Logo Bottom Right 2@25m14s(right-to-left,223px);NX IB 3@25m14s(right-to-left,223px);Nxtwave With IB in Slide@25m15s(right-to-left,554px);Only IB HUbs@26m35s(right-to-left,54px);Logo Bottom Right 2@26m35s(right-to-left,54px);NX IB 3@26m35s(right-to-left,54px);Nxtwave With IB in Slide@26m36s(right-to-left,536px);Only IB HUbs@27m45s(right-to-left,195px);Logo Bottom Right 2@27m45s(right-to-left,194px);NX IB 3@27m45s(right-to-left,194px);Nxtwave With IB in Slide@27m46s(right-to-left,570px);Only IB HUbs@28m47s(left-to-right,34px);Logo Bottom Right 2@28m47s(left-to-right,35px);NX IB 3@28m47s(right-to-left,176px);Nxtwave With IB Small@33m12s(left-to-right,15px);Nxtwave With IB Small@33m53s(left-to-right,47px);Only IB HUbs@36m14s(right-to-left,411px);Logo Bottom Right 2@36m14s(right-to-left,410px);NX IB 3@36m14s(right-to-left,139px);Nxtwave With IB in Slide@36m16s(left-to-right,589px);Logo Bottom Right 2@36m16s(left-to-right,758px);Only IB HUbs@36m28s(right-to-left,37px);Logo Bottom Right 2@36m28s(right-to-left,37px);NX IB 3@36m28s(right-to-left,37px);Nxtwave With IB in Slide@36m29s(right-to-left,479px);Only IB HUbs@36m30s(right-to-left,70px);Logo Bottom Right 2@36m30s(right-to-left,70px);NX IB 3@36m30s(right-to-left,70px);Logo Bottom Right 2@36m30s(right-to-left,690px);Nxtwave With IB in Slide@36m29s(right-to-left,653px);IB HUbs In Slide@36m37s(right-to-left,36px);IB Co In Slide@36m37s(right-to-left,35px)"
108,s3://nw-studio-nkb-uploads/old/otg_prod/22-10-2020/22-10-2020-identifyingOpportunitiesChallenges-Hindi-V1-720p-new.mp4,s3://nxtwave-common-media-static/nw-studio-nkb-uploads/old/otg_prod/22-10-2020/22-10-2020-identifyingOpportunitiesChallenges-Hindi-V1-720p-new_ibhlr.mp4,success,"Only IB HUbs@2m42s(left-to-right,405px);Logo Bottom Right 2@2m42s(left-to-right,405px);Only IB HUbs@3m18s(left-to-right,20px);Logo Bottom Right 2@3m18s(left-to-right,20px);NX IB 3@3m18s(left-to-right,20px);Nxtwave With IB Small@3m41s(right-to-left,23px);Nxtwave With IB Small@4m3s(right-to-left,107px);Only IB HUbs@5m9s(left-to-right,25px);Logo Bottom Right 2@5m9s(left-to-right,24px);NX IB 3@5m9s(left-to-right,24px);Nxtwave With IB Small@6m7s(right-to-left,22px);NX IB 4@6m26s(right-to-left,102px);Nxtwave With IB Small 2@6m56s(right-to-left,16px);Only IB HUbs@7m36s(right-to-left,65px);Logo Bottom Right 2@7m36s(right-to-left,840px);NX IB 3@7m36s(right-to-left,65px);Nxtwave With IB Small@8m21s(right-to-left,53px);Nxtwave With IB Small@9m18s(left-to-right,24px);Nxtwave With IB Small@10m20s(right-to-left,23px);Nxtwave With IB Small@12m54s(right-to-left,270px);Nxtwave With IB Small@13m41s(right-to-left,13px);Only IB HUbs@15m0s(right-to-left,89px);Logo Bottom Right 2@15m0s(right-to-left,90px);NX IB 3@15m0s(right-to-left,90px);Nxtwave With IB in Slide@15m1s(right-to-left,546px);Nxtwave With IB Small@16m21s(right-to-left,41px);Nxtwave With IB Small@18m13s(right-to-left,174px);Nxtwave With IB Small@19m22s(right-to-left,33px);Nxtwave With IB Small@20m57s(right-to-left,13px);Nxtwave With IB Small@22m40s(right-to-left,112px);Nxtwave With IB Small@23m54s(right-to-left,213px);Nxtwave With IB Small@26m45s(right-to-left,171px);Nxtwave With IB Small@31m47s(right-to-left,56px);Only IB HUbs@31m56s(right-to-left,144px);Logo Bottom Right 2@31m56s(right-to-left,659px);NX IB 3@31m56s(right-to-left,144px);Nxtwave With IB Small@32m45s(right-to-left,118px);Nxtwave With IB Small@35m30s(right-to-left,37px);IB HUbs In Slide@35m32s(bottom-to-top,0px);IB Co In Slide@35m32s(bottom-to-top,0px)"
109,s3://nw-studio-nkb-uploads/old/otg_prod/22-10-2020/22-10-2020-identifyingOpportunitiesChallenges-Hindi-V1-720p.mp4,s3://nxtwave-common-media-static/nw-studio-nkb-uploads/old/otg_prod/22-10-2020/22-10-2020-identifyingOpportunitiesChallenges-Hindi-V1-720p_ibhlr.mp4,success,"Logo Bottom Right@2m42s(left-to-right,608px);Logo Bottom Right@3m18s(left-to-right,30px);Nxtwave With IB Small@3m41s(right-to-left,34px);Nxtwave With IB Small@4m3s(right-to-left,160px);Logo Bottom Right@5m9s(left-to-right,37px);Nxtwave With IB Small@6m7s(right-to-left,32px);Logo Bottom Right@7m36s(right-to-left,1261px);Nxtwave With IB Small@8m21s(right-to-left,78px);Nxtwave With IB Small@9m18s(left-to-right,37px);Nxtwave With IB Small@10m20s(right-to-left,34px);Nxtwave With IB Small@12m54s(right-to-left,404px);Nxtwave With IB Small@13m41s(right-to-left,19px);Logo Bottom Right@15m0s(right-to-left,135px);Nxtwave With IB Small@16m21s(right-to-left,61px);Nxtwave With IB Small@18m13s(right-to-left,260px);Nxtwave With IB Small@19m22s(right-to-left,49px);Nxtwave With IB Small@20m57s(right-to-left,19px);Nxtwave With IB Small@21m51s(left-to-right,15px);Nxtwave With IB Small@22m40s(right-to-left,167px);Nxtwave With IB Small@23m54s(right-to-left,318px);Nxtwave With IB Small@26m45s(right-to-left,256px);Nxtwave With IB Small@31m47s(right-to-left,14px);Logo Bottom Right@31m56s(right-to-left,989px);Nxtwave With IB Small@32m45s(right-to-left,177px);Nxtwave With IB Small@35m30s(right-to-left,55px);Nxtwave With IB in Slide@35m32s(bottom-to-top,0px)"
110,s3://nw-studio-nkb-uploads/old/otg_prod/22-10-2020/22-10-2020-identifyingOpportunitiesChallenges-Telugu-V1-720p.mp4,s3://nxtwave-common-media-static/nw-studio-nkb-uploads/old/otg_prod/22-10-2020/22-10-2020-identifyingOpportunitiesChallenges-Telugu-V1-720p_ibhlr.mp4,success,"IB HUbs In Slide@0m19s(right-to-left,55px);IB Co In Slide@0m19s(right-to-left,55px);Only IB HUbs@3m53s(right-to-left,131px);Logo Bottom Right 2@3m53s(right-to-left,130px);NX IB 3@3m53s(right-to-left,130px);Nxtwave With IB in Slide@3m54s(right-to-left,568px);Nxtwave With IB Small@5m14s(right-to-left,37px);Only IB HUbs@6m17s(right-to-left,32px);Logo Bottom Right 2@6m17s(right-to-left,31px);NX IB 3@6m17s(right-to-left,31px);Nxtwave With IB in Slide@6m18s(right-to-left,522px);Only IB HUbs@7m35s(right-to-left,86px);Logo Bottom Right 2@7m35s(right-to-left,657px);NX IB 3@7m35s(right-to-left,86px);Only IB HUbs@9m59s(right-to-left,35px);Logo Bottom Right 2@9m59s(right-to-left,35px);NX IB 3@9m59s(right-to-left,35px);Only IB HUbs@10m55s(right-to-left,17px);Logo Bottom Right 2@10m55s(right-to-left,16px);NX IB 3@10m55s(right-to-left,16px);NX IB 4@11m33s(right-to-left,126px);Only IB HUbs@12m24s(right-to-left,405px);Logo Bottom Right 2@12m24s(right-to-left,405px);NX IB 3@12m24s(right-to-left,13px);Only IB HUbs@12m56s(right-to-left,231px);Logo Bottom Right 2@12m56s(right-to-left,231px);NX IB 3@12m56s(right-to-left,231px);Nxtwave With IB in Slide@12m57s(right-to-left,604px);Only IB HUbs@13m40s(right-to-left,22px);Logo Bottom Right 2@13m40s(right-to-left,22px);NX IB 3@13m40s(right-to-left,22px);Nxtwave With IB in Slide@13m41s(right-to-left,449px);Only IB HUbs@13m55s(right-to-left,99px);Logo Bottom Right 2@13m55s(right-to-left,99px);NX IB 3@13m55s(right-to-left,99px);Only IB HUbs@17m4s(right-to-left,380px);Logo Bottom Right 2@17m4s(right-to-left,380px);NX IB 3@17m4s(right-to-left,145px);Only IB HUbs@18m15s(right-to-left,39px);Logo Bottom Right 2@18m15s(right-to-left,38px);NX IB 3@18m15s(right-to-left,38px);Nxtwave With IB in Slide@19m10s(right-to-left,447px);Nxtwave With IB Small@19m56s(right-to-left,177px);Nxtwave With IB Small@20m33s(right-to-left,30px);Only IB HUbs@21m38s(right-to-left,81px);Logo Bottom Right 2@21m38s(right-to-left,80px);NX IB 3@21m38s(right-to-left,80px);Nxtwave With IB in Slide@21m39s(right-to-left,532px);Only IB HUbs@23m1s(right-to-left,38px);Logo Bottom Right 2@23m1s(right-to-left,38px);NX IB 3@23m1s(right-to-left,38px);Only IB HUbs@24m7s(right-to-left,130px);Logo Bottom Right 2@24m7s(right-to-left,131px);NX IB 3@24m7s(right-to-left,131px);Nxtwave With IB Small@24m8s(right-to-left,23px);Nxtwave With IB Small@26m26s(right-to-left,84px);Only IB HUbs@27m38s(right-to-left,361px);Logo Bottom Right 2@27m38s(right-to-left,360px);NX IB 3@27m38s(right-to-left,360px);Only IB HUbs@28m32s(right-to-left,174px);Logo Bottom Right 2@28m32s(right-to-left,173px);NX IB 3@28m32s(right-to-left,173px);Nxtwave With IB in Slide@28m33s(right-to-left,557px);Only IB HUbs@29m51s(right-to-left,110px);Logo Bottom Right 2@29m51s(right-to-left,923px);NX IB 3@29m51s(right-to-left,110px);Nxtwave With IB Small@36m3s(right-to-left,28px);Only IB HUbs@36m28s(right-to-left,14px);Logo Bottom Right 2@36m28s(right-to-left,13px);NX IB 3@36m28s(right-to-left,13px);Only IB HUbs@36m49s(right-to-left,102px);Logo Bottom Right 2@36m49s(right-to-left,622px);NX IB 3@36m49s(right-to-left,102px);Nxtwave With IB Small@37m16s(right-to-left,125px);IB HUbs In Slide@37m27s(left-to-right,64px);IB Co In Slide@37m27s(left-to-right,64px)"
111,s3://nw-studio-nkb-uploads/old/otg_prod/22-10-2020/22-10-2020-relationalOperators-English-V1-720p.mp4,s3://nxtwave-common-media-static/nw-studio-nkb-uploads/old/otg_prod/22-10-2020/22-10-2020-relationalOperators-English-V1-720p_ibhlr.mp4,success,"Logo Bottom Right@5m34s(right-to-left,113px)"
112,s3://nw-studio-nkb-uploads/old/otg_prod/22-10-2020/22-10-2020-relationalOperators-Telugu-V1-720p.mp4,s3://nxtwave-common-media-static/nw-studio-nkb-uploads/old/otg_prod/22-10-2020/22-10-2020-relationalOperators-Telugu-V1-720p_ibhlr.mp4,success,
113,s3://nw-studio-nkb-uploads/ccbp_prod/media/video_content/tech_foundations/programming_foundations/english/23-10-2020-logicalOperators-English-V2.mp4,,error: Expected output not found: ./processed_videos113/23-10-2020-logicalOperators-English-V2_ibhlr.mp4,
114,s3://nw-studio-nkb-uploads/ccbp_prod/media/video_content/tech_foundations/programming_foundations/hindi/23-10-2020-logicalOperators-Hindi-V2.mp4,s3://nxtwave-common-media-static/nw-studio-nkb-uploads/ccbp_prod/media/video_content/tech_foundations/programming_foundations/hindi/23-10-2020-logicalOperators-Hindi-V2_ibhlr.mp4,success,
115,s3://nw-studio-nkb-uploads/ccbp_prod/media/video_content/tech_foundations/programming_foundations/telugu/23-10-2020-logicalOperators-Telugu-V2.mp4,,error: Expected output not found: ./processed_videos115/23-10-2020-logicalOperators-Telugu-V2_ibhlr.mp4,
116,s3://nw-studio-nkb-uploads/old/otg_prod/23-10-2020/23-10-2020-logicalOperators-English-V1-720p-new.mp4,s3://nxtwave-common-media-static/nw-studio-nkb-uploads/old/otg_prod/23-10-2020/23-10-2020-logicalOperators-English-V1-720p-new_ibhlr.mp4,success,"Only IB HUbs@2m44s(right-to-left,30px);Logo Bottom Right 2@2m44s(right-to-left,31px);NX IB 3@2m44s(right-to-left,31px)"
117,s3://nw-studio-nkb-uploads/old/otg_prod/23-10-2020/23-10-2020-logicalOperators-English-V1-720p.mp4,s3://nxtwave-common-media-static/nw-studio-nkb-uploads/old/otg_prod/23-10-2020/23-10-2020-logicalOperators-English-V1-720p_ibhlr.mp4,success,"Only IB HUbs@2m44s(right-to-left,30px);Logo Bottom Right 2@2m44s(right-to-left,31px);NX IB 3@2m44s(right-to-left,31px)"
118,s3://nw-studio-nkb-uploads/old/otg_prod/23-10-2020/23-10-2020-logicalOperators-Hindi-V1-720p.mp4,s3://nxtwave-common-media-static/nw-studio-nkb-uploads/old/otg_prod/23-10-2020/23-10-2020-logicalOperators-Hindi-V1-720p_ibhlr.mp4,success,"Only IB HUbs@2m6s(right-to-left,289px);Logo Bottom Right 2@2m6s(right-to-left,289px);NX IB 3@2m6s(right-to-left,289px);Nxtwave With IB in Slide@2m7s(right-to-left,614px)"
119,s3://nw-studio-nkb-uploads/old/otg_prod/23-10-2020/23-10-2020-logicalOperators-Telugu-V1-720p.mp4,s3://nxtwave-common-media-static/nw-studio-nkb-uploads/old/otg_prod/23-10-2020/23-10-2020-logicalOperators-Telugu-V1-720p_ibhlr.mp4,success,"Only IB HUbs@2m36s(right-to-left,26px);Logo Bottom Right 2@2m36s(right-to-left,804px);NX IB 3@2m36s(right-to-left,27px)"
120,s3://nw-studio-nkb-uploads/old/otg_prod/23-10-2020/23-10-2020-sortingAlgorithms-English-V1-720p.mp4,s3://nxtwave-common-media-static/nw-studio-nkb-uploads/old/otg_prod/23-10-2020/23-10-2020-sortingAlgorithms-English-V1-720p_ibhlr.mp4,success,"Nxtwave With IB Small@0m57s(right-to-left,82px)"
121,s3://nw-studio-nkb-uploads/old/otg_prod/23-10-2020/23-10-2020-week2AssignmentDiscussion-English-V1-720p.mp4,s3://nxtwave-common-media-static/nw-studio-nkb-uploads/old/otg_prod/23-10-2020/23-10-2020-week2AssignmentDiscussion-English-V1-720p_ibhlr.mp4,success,"Medium IB HUbs Author In Slide@0m51s(bottom-to-top,37px);PDF NX IB In Slide@0m51s(bottom-to-top,36px);Medium IB HUbs Author In Slide@5m29s(top-to-bottom,24px);PDF NX IB In Slide@5m29s(top-to-bottom,24px);Medium IB HUbs Author In Slide@6m8s(bottom-to-top,22px);PDF NX IB In Slide@6m8s(bottom-to-top,22px);Medium IB HUbs Author In Slide@10m20s(bottom-to-top,90px);PDF NX IB In Slide@10m20s(bottom-to-top,90px);Medium IB HUbs Author In Slide@10m29s(bottom-to-top,23px);PDF NX IB In Slide@10m29s(bottom-to-top,23px);PDF NX IB In Slide@15m3s(bottom-to-top,156px);Medium IB HUbs Author In Slide@15m6s(bottom-to-top,44px);PDF NX IB In Slide@15m6s(bottom-to-top,44px);Medium IB HUbs Author In Slide@15m6s(bottom-to-top,39px);PDF NX IB In Slide@15m6s(bottom-to-top,39px);PDF NX IB In Slide@22m1s(bottom-to-top,186px);PDF NX IB In Slide@22m1s(bottom-to-top,252px);Medium IB HUbs Author In Slide@27m22s(bottom-to-top,139px);PDF NX IB In Slide@27m22s(bottom-to-top,138px);Medium IB HUbs Author In Slide@27m45s(bottom-to-top,21px);PDF NX IB In Slide@27m45s(bottom-to-top,21px);PDF NX IB In Slide@30m35s(bottom-to-top,40px);Medium IB HUbs Author In Slide@30m36s(bottom-to-top,142px);PDF NX IB In Slide@30m36s(bottom-to-top,142px);Medium IB HUbs Author In Slide@30m50s(bottom-to-top,57px);PDF NX IB In Slide@30m50s(bottom-to-top,57px)"
122,s3://nw-studio-nkb-uploads/old/otg_prod/23-10-2020/23-10-2020-week2AssignmentDiscussion-Hindi-V1-720p.mp4,s3://nxtwave-common-media-static/nw-studio-nkb-uploads/old/otg_prod/23-10-2020/23-10-2020-week2AssignmentDiscussion-Hindi-V1-720p_ibhlr.mp4,success,"IB HUbs In Slide@0m13s(right-to-left,18px);IB Co In Slide@0m13s(right-to-left,18px);Medium IB HUbs Author In Slide@1m12s(bottom-to-top,17px);Medium IB HUbs Author In Slide@6m5s(bottom-to-top,58px);Medium IB HUbs Author In Slide@6m41s(bottom-to-top,14px);Medium IB HUbs Author In Slide@9m47s(bottom-to-top,34px);Medium IB HUbs Author In Slide@14m46s(bottom-to-top,95px);IB HUbs Full Screen@14m46s(bottom-to-top,95px);Medium IB HUbs Author In Slide@19m35s(bottom-to-top,154px);IB HUbs Full Screen@19m35s(bottom-to-top,154px);Medium IB HUbs Author In Slide@23m23s(bottom-to-top,137px);IB HUbs Full Screen@23m23s(bottom-to-top,136px);Medium IB HUbs Author In Slide@24m3s(bottom-to-top,16px);IB HUbs Full Screen@24m3s(bottom-to-top,16px);Medium IB HUbs Author In Slide@27m14s(bottom-to-top,144px);IB HUbs Full Screen@27m14s(bottom-to-top,144px);IB HUbs In Slide@30m27s(bottom-to-top,0px);IB Co In Slide@30m27s(bottom-to-top,0px)"
123,s3://nw-studio-nkb-uploads/old/otg_prod/23-10-2020/23-10-2020-week2AssignmentDiscussion-Telugu-V1-720p.mp4,s3://nxtwave-common-media-static/nw-studio-nkb-uploads/old/otg_prod/23-10-2020/23-10-2020-week2AssignmentDiscussion-Telugu-V1-720p_ibhlr.mp4,success,"Medium IB HUbs Author In Slide@1m9s(bottom-to-top,22px);PDF NX IB In Slide@1m9s(bottom-to-top,22px);Medium IB HUbs Author In Slide@11m20s(bottom-to-top,135px);PDF NX IB In Slide@11m20s(bottom-to-top,135px);Medium IB HUbs Author In Slide@18m35s(bottom-to-top,156px);PDF NX IB In Slide@18m35s(bottom-to-top,156px);Medium IB HUbs Author In Slide@25m34s(bottom-to-top,29px);PDF NX IB In Slide@25m34s(bottom-to-top,29px);Medium IB HUbs Author In Slide@26m43s(bottom-to-top,84px);PDF NX IB In Slide@26m43s(bottom-to-top,83px);Medium IB HUbs Author In Slide@30m10s(bottom-to-top,31px);PDF NX IB In Slide@30m10s(bottom-to-top,31px);Medium IB HUbs Author In Slide@30m31s(bottom-to-top,100px);PDF NX IB In Slide@30m31s(bottom-to-top,100px);Medium IB HUbs Author In Slide@34m54s(bottom-to-top,35px);PDF NX IB In Slide@34m54s(bottom-to-top,35px)"
124,s3://nw-studio-nkb-uploads/ccbp_prod/media/video_content/tech_foundations/programming_foundations/english/24-10-2020-conditonalStatements-English-V2.mp4,,error: Expected output not found: ./processed_videos124/24-10-2020-conditonalStatements-English-V2_ibhlr.mp4,
125,s3://nw-studio-nkb-uploads/ccbp_prod/media/video_content/tech_foundations/programming_foundations/telugu/24-10-2020-conditionalStatements-Telugu-V2.mp4,,error: Expected output not found: ./processed_videos125/24-10-2020-conditionalStatements-Telugu-V2_ibhlr.mp4,
126,s3://nw-studio-nkb-uploads/ccbp_prod/media/video_content/xpm_fundamentals/identity_and_value_strengths/english/24-10-2020-essentialQualitiesOpenMindedness-English-V1.mp4,s3://nxtwave-common-media-static/nw-studio-nkb-uploads/ccbp_prod/media/video_content/xpm_fundamentals/identity_and_value_strengths/english/24-10-2020-essentialQualitiesOpenMindedness-English-V1_ibhlr.mp4,success,
127,s3://nw-studio-nkb-uploads/old/otg_prod/24-10-2020/24-10-2020-Week3AssignmentDay-Telugu-V1-720p.mp4,s3://nxtwave-common-media-static/nw-studio-nkb-uploads/old/otg_prod/24-10-2020/24-10-2020-Week3AssignmentDay-Telugu-V1-720p_ibhlr.mp4,success,
128,s3://nw-studio-nkb-uploads/old/otg_prod/24-10-2020/24-10-2020-conditionalStatement-Telugu-V1-720p.mp4,s3://nxtwave-common-media-static/nw-studio-nkb-uploads/old/otg_prod/24-10-2020/24-10-2020-conditionalStatement-Telugu-V1-720p_ibhlr.mp4,success,"Only IB HUbs@2m23s(right-to-left,146px);Logo Bottom Right 2@2m23s(right-to-left,146px);NX IB 3@2m23s(right-to-left,146px)"
129,s3://nw-studio-nkb-uploads/old/otg_prod/24-10-2020/24-10-2020-conditionalStatements-Hindi-V1-720p.mp4,s3://nxtwave-common-media-static/nw-studio-nkb-uploads/old/otg_prod/24-10-2020/24-10-2020-conditionalStatements-Hindi-V1-720p_ibhlr.mp4,success,"Only IB HUbs@1m43s(right-to-left,36px);Logo Bottom Right 2@1m43s(right-to-left,37px);NX IB 3@1m43s(right-to-left,37px);Nxtwave With IB in Slide@1m44s(left-to-right,26px)"
130,s3://nw-studio-nkb-uploads/old/otg_prod/24-10-2020/24-10-2020-conditionalStatements-Telugu-V1-720p-new.mp4,s3://nxtwave-common-media-static/nw-studio-nkb-uploads/old/otg_prod/24-10-2020/24-10-2020-conditionalStatements-Telugu-V1-720p-new_ibhlr.mp4,success,"Only IB HUbs@2m23s(right-to-left,146px);Logo Bottom Right 2@2m23s(right-to-left,146px);NX IB 3@2m23s(right-to-left,146px)"
131,s3://nw-studio-nkb-uploads/old/otg_prod/24-10-2020/24-10-2020-conditonalStatements-English-V1-720p.mp4,s3://nxtwave-common-media-static/nw-studio-nkb-uploads/old/otg_prod/24-10-2020/24-10-2020-conditonalStatements-English-V1-720p_ibhlr.mp4,success,
132,s3://nw-studio-nkb-uploads/old/otg_prod/24-10-2020/24-10-2020-essentialQualitiesOpenMindedness-English-V1-720p.mp4,s3://nxtwave-common-media-static/nw-studio-nkb-uploads/old/otg_prod/24-10-2020/24-10-2020-essentialQualitiesOpenMindedness-English-V1-720p_ibhlr.mp4,success,
133,s3://nw-studio-nkb-uploads/old/otg_prod/24-10-2020/24-10-2020-essentialQualitiesOpenMindedness-Telugu-V1-720p.mp4,s3://nxtwave-common-media-static/nw-studio-nkb-uploads/old/otg_prod/24-10-2020/24-10-2020-essentialQualitiesOpenMindedness-Telugu-V1-720p_ibhlr.mp4,success,"Nxtwave With IB Small@17m27s(right-to-left,19px)"
134,s3://nw-studio-nkb-uploads/old/otg_prod/24-10-2020/24-10-2020-essentialQualititesOpenMindedness-Hindi-V1-720p.mp4,s3://nxtwave-common-media-static/nw-studio-nkb-uploads/old/otg_prod/24-10-2020/24-10-2020-essentialQualititesOpenMindedness-Hindi-V1-720p_ibhlr.mp4,success,
135,s3://nw-studio-nkb-uploads/old/otg_prod/24-10-2020/24-10-2020-week3AssignmentDay-English-V1-720p.mp4,s3://nxtwave-common-media-static/nw-studio-nkb-uploads/old/otg_prod/24-10-2020/24-10-2020-week3AssignmentDay-English-V1-720p_ibhlr.mp4,success,
136,s3://nw-studio-nkb-uploads/old/otg_prod/24-10-2020/24-10-2020-week3AssignmentDay-Hindi-V1-720p.mp4,s3://nxtwave-common-media-static/nw-studio-nkb-uploads/old/otg_prod/24-10-2020/24-10-2020-week3AssignmentDay-Hindi-V1-720p_ibhlr.mp4,success,"IB HUbs In Slide@0m16s(right-to-left,22px);IB Co In Slide@0m16s(right-to-left,22px);PDF NX IB In Slide@0m58s(bottom-to-top,33px);PDF NX IB In Slide@6m27s(bottom-to-top,25px);PDF NX IB In Slide@9m42s(bottom-to-top,178px);PDF NX IB In Slide@10m47s(bottom-to-top,41px);PDF NX IB In Slide@13m23s(bottom-to-top,129px);PDF NX IB In Slide@14m5s(bottom-to-top,32px);PDF NX IB In Slide@14m53s(bottom-to-top,80px)"
137,s3://nw-studio-nkb-uploads/old/otg_prod/07-11-2020/26-10-2020-distanceMeasures-English-V2-720p.mp4,s3://nxtwave-common-media-static/nw-studio-nkb-uploads/old/otg_prod/07-11-2020/26-10-2020-distanceMeasures-English-V2-720p_ibhlr.mp4,success,
138,s3://nw-studio-nkb-uploads/old/otg_prod/26-10-2020/26-10-2020-DistanceMeasures-English-V1-720p.mp4,s3://nxtwave-common-media-static/nw-studio-nkb-uploads/old/otg_prod/26-10-2020/26-10-2020-DistanceMeasures-English-V1-720p_ibhlr.mp4,success,
139,s3://nw-studio-nkb-uploads/old/otg_prod/26-10-2020/26-10-2020-websiteIntegration-English-V1-720p.mp4,s3://nxtwave-common-media-static/nw-studio-nkb-uploads/old/otg_prod/26-10-2020/26-10-2020-websiteIntegration-English-V1-720p_ibhlr.mp4,success,"Only IB HUbs@0m55s(left-to-right,26px);Logo Bottom Right 2@0m55s(left-to-right,26px);NX IB 3@0m55s(left-to-right,26px);Nxtwave With IB in Slide@0m55s(right-to-left,201px)"
140,s3://nw-studio-nkb-uploads/old/otg_prod/26-10-2020/26-10-2020-websiteIntegration-Hindi-V1-720p.mp4,s3://nxtwave-common-media-static/nw-studio-nkb-uploads/old/otg_prod/26-10-2020/26-10-2020-websiteIntegration-Hindi-V1-720p_ibhlr.mp4,success,
141,s3://nw-studio-nkb-uploads/old/otg_prod/26-10-2020/26-10-2020-websiteIntegration-Telugu-V1-720p.mp4,s3://nxtwave-common-media-static/nw-studio-nkb-uploads/old/otg_prod/26-10-2020/26-10-2020-websiteIntegration-Telugu-V1-720p_ibhlr.mp4,success,"Only IB HUbs@0m34s(right-to-left,205px);Logo Bottom Right 2@0m34s(right-to-left,204px);NX IB 3@0m34s(right-to-left,204px);Nxtwave With IB in Slide@0m34s(right-to-left,204px)"
142,s3://nw-studio-nkb-uploads/ccbp_prod/media/video_content/projects/build_your_own_static_website/hindi/27-10-2020-websiteIntegrationPart2-Hindi-V2.mp4,,error: Expected output not found: ./processed_videos142/27-10-2020-websiteIntegrationPart2-Hindi-V2_ibhlr.mp4,
143,s3://nw-studio-nkb-uploads/old/otg_prod/27-10-2020/27-10-2020-WhatDoesAnEnterprenuerdo-English-V1-720p.mp4,s3://nxtwave-common-media-static/nw-studio-nkb-uploads/old/otg_prod/27-10-2020/27-10-2020-WhatDoesAnEnterprenuerdo-English-V1-720p_ibhlr.mp4,success,"IB HUbs In Slide@0m15s(right-to-left,15px);IB Co In Slide@0m15s(right-to-left,15px);Only IB HUbs@0m47s(right-to-left,317px);Logo Bottom Right 2@0m47s(right-to-left,318px);NX IB 3@0m47s(right-to-left,318px);Nxtwave With IB in Slide@0m48s(right-to-left,616px)"
144,s3://nw-studio-nkb-uploads/old/otg_prod/27-10-2020/27-10-2020-googleCollabAndNumpy-English-V1-720p.mp4,s3://nxtwave-common-media-static/nw-studio-nkb-uploads/old/otg_prod/27-10-2020/27-10-2020-googleCollabAndNumpy-English-V1-720p_ibhlr.mp4,success,
145,s3://nw-studio-nkb-uploads/old/otg_prod/27-10-2020/27-10-2020-recapOfIndustrialRevolution3.0-English-V1-720p.mp4,s3://nxtwave-common-media-static/nw-studio-nkb-uploads/old/otg_prod/27-10-2020/27-10-2020-recapOfIndustrialRevolution3.0-English-V1-720p_ibhlr.mp4,success,
146,s3://nw-studio-nkb-uploads/old/otg_prod/27-10-2020/27-10-2020-recapOfIndustrialRevolution3.0-Hindi-V1-720p.mp4,s3://nxtwave-common-media-static/nw-studio-nkb-uploads/old/otg_prod/27-10-2020/27-10-2020-recapOfIndustrialRevolution3.0-Hindi-V1-720p_ibhlr.mp4,success,
147,s3://nw-studio-nkb-uploads/old/otg_prod/27-10-2020/27-10-2020-recapOfIndustrialRevolutionsPart1-English-V1-720p.mp4,s3://nxtwave-common-media-static/nw-studio-nkb-uploads/old/otg_prod/27-10-2020/27-10-2020-recapOfIndustrialRevolutionsPart1-English-V1-720p_ibhlr.mp4,success,
148,s3://nw-studio-nkb-uploads/old/otg_prod/27-10-2020/27-10-2020-recapOfIndustrialRevolutionsPart1-Hindi-V1-720p.mp4,s3://nxtwave-common-media-static/nw-studio-nkb-uploads/old/otg_prod/27-10-2020/27-10-2020-recapOfIndustrialRevolutionsPart1-Hindi-V1-720p_ibhlr.mp4,success,
149,s3://nw-studio-nkb-uploads/old/otg_prod/27-10-2020/27-10-2020-recapOfIndustrialRevolutionsPart1-Telugu-V1-720p.mp4,s3://nxtwave-common-media-static/nw-studio-nkb-uploads/old/otg_prod/27-10-2020/27-10-2020-recapOfIndustrialRevolutionsPart1-Telugu-V1-720p_ibhlr.mp4,success,
150,s3://nw-studio-nkb-uploads/old/otg_prod/27-10-2020/27-10-2020-websiteIntegration-part2-English-V1-720p.mp4,s3://nxtwave-common-media-static/nw-studio-nkb-uploads/old/otg_prod/27-10-2020/27-10-2020-websiteIntegration-part2-English-V1-720p_ibhlr.mp4,success,
151,s3://nw-studio-nkb-uploads/old/otg_prod/27-10-2020/27-10-2020-websiteIntegrationPart2-Hindi-V1-720p.mp4,s3://nxtwave-common-media-static/nw-studio-nkb-uploads/old/otg_prod/27-10-2020/27-10-2020-websiteIntegrationPart2-Hindi-V1-720p_ibhlr.mp4,success,"Nxtwave With IB Small@2m38s(right-to-left,205px)"
152,s3://nw-studio-nkb-uploads/old/otg_prod/27-10-2020/27-10-2020-websiteIntegrationPart2-Telugu-V1-720p.mp4,s3://nxtwave-common-media-static/nw-studio-nkb-uploads/old/otg_prod/27-10-2020/27-10-2020-websiteIntegrationPart2-Telugu-V1-720p_ibhlr.mp4,success,"Nxtwave With IB Small@2m21s(right-to-left,3px)"
153,s3://nw-studio-nkb-uploads/old/otg_prod/27-10-2020/27-10-2020-whatDoesAnEntrepreneurDo-Telugu-V1-720p.mp4,s3://nxtwave-common-media-static/nw-studio-nkb-uploads/old/otg_prod/27-10-2020/27-10-2020-whatDoesAnEntrepreneurDo-Telugu-V1-720p_ibhlr.mp4,success,"IB HUbs In Slide@0m18s(right-to-left,26px);IB Co In Slide@0m18s(right-to-left,26px);Only IB HUbs@0m45s(right-to-left,55px);Logo Bottom Right 2@0m45s(right-to-left,55px);NX IB 3@0m45s(right-to-left,55px);Nxtwave With IB in Slide@0m46s(right-to-left,509px)"
154,s3://nw-studio-nkb-uploads/old/otg_prod/27-10-2020/27-10-2020-whatdoesaEntrepreneurdo-Hindi-V1-720p.mp4,s3://nxtwave-common-media-static/nw-studio-nkb-uploads/old/otg_prod/27-10-2020/27-10-2020-whatdoesaEntrepreneurdo-Hindi-V1-720p_ibhlr.mp4,success,"IB HUbs In Slide@0m19s(right-to-left,20px);IB Co In Slide@0m19s(right-to-left,20px);Nxtwave With IB Small@1m47s(left-to-right,198px)"
155,s3://nw-studio-nkb-uploads/ccbp_prod/media/video_content/projects/build_your_own_static_website/hindi/28-10-2020-websiteBehindTheScenes-Hindi-V2.mp4,,error: Expected output not found: ./processed_videos155/28-10-2020-websiteBehindTheScenes-Hindi-V2_ibhlr.mp4,
156,s3://nw-studio-nkb-uploads/ccbp_prod/media/video_content/projects/build_your_own_static_website/telugu/28-10-2020-websiteBehindTheScenes-Telugu-V2.mp4,,error: Expected output not found: ./processed_videos156/28-10-2020-websiteBehindTheScenes-Telugu-V2_ibhlr.mp4,
157,s3://nw-studio-nkb-uploads/old/otg_prod/2021/8-August/28-08-2021/28-10-2020-websiteIntegrationPart2-Telugu-V2-720p.mp4,s3://nxtwave-common-media-static/nw-studio-nkb-uploads/old/otg_prod/2021/8-August/28-08-2021/28-10-2020-websiteIntegrationPart2-Telugu-V2-720p_ibhlr.mp4,success,"Nxtwave With IB Small@2m21s(right-to-left,3px)"
158,s3://nw-studio-nkb-uploads/old/otg_prod/26-10-2020/28-10-2020-websiteIntegration-English-V2-720p.mp4,s3://nxtwave-common-media-static/nw-studio-nkb-uploads/old/otg_prod/26-10-2020/28-10-2020-websiteIntegration-English-V2-720p_ibhlr.mp4,success,"Only IB HUbs@0m48s(right-to-left,127px);Logo Bottom Right 2@0m48s(right-to-left,127px);NX IB 3@0m48s(right-to-left,127px);Nxtwave With IB in Slide@0m48s(right-to-left,127px)"
159,s3://nw-studio-nkb-uploads/old/otg_prod/28-10-2020/28-10-2020-EssentialQualities-Integrity-Telugu-V1-720p.mp4,s3://nxtwave-common-media-static/nw-studio-nkb-uploads/old/otg_prod/28-10-2020/28-10-2020-EssentialQualities-Integrity-Telugu-V1-720p_ibhlr.mp4,success,
160,s3://nw-studio-nkb-uploads/old/otg_prod/28-10-2020/28-10-2020-EssentialQualitiesIntegrity-English-V1-720p.mp4,s3://nxtwave-common-media-static/nw-studio-nkb-uploads/old/otg_prod/28-10-2020/28-10-2020-EssentialQualitiesIntegrity-English-V1-720p_ibhlr.mp4,success,
161,s3://nw-studio-nkb-uploads/old/otg_prod/28-10-2020/28-10-2020-NumpyPart1-English-V1-720p.mp4,s3://nxtwave-common-media-static/nw-studio-nkb-uploads/old/otg_prod/28-10-2020/28-10-2020-NumpyPart1-English-V1-720p_ibhlr.mp4,success,
162,s3://nw-studio-nkb-uploads/old/otg_prod/28-10-2020/28-10-2020-approachesToEntrepenuershipPart1-Hindi-V1-720p.mp4,s3://nxtwave-common-media-static/nw-studio-nkb-uploads/old/otg_prod/28-10-2020/28-10-2020-approachesToEntrepenuershipPart1-Hindi-V1-720p_ibhlr.mp4,success,"IB HUbs In Slide@0m12s(right-to-left,85px);IB Co In Slide@0m12s(right-to-left,85px);Only IB HUbs@1m1s(right-to-left,37px);Logo Bottom Right 2@1m1s(right-to-left,833px);NX IB 3@1m1s(right-to-left,37px)"
163,s3://nw-studio-nkb-uploads/old/otg_prod/28-10-2020/28-10-2020-approachesToEntrepereneurship-Part1-English-V1-720p-new.mp4,s3://nxtwave-common-media-static/nw-studio-nkb-uploads/old/otg_prod/28-10-2020/28-10-2020-approachesToEntrepereneurship-Part1-English-V1-720p-new_ibhlr.mp4,success,"IB HUbs In Slide@0m16s(right-to-left,98px);IB Co In Slide@0m16s(right-to-left,98px)"
164,s3://nw-studio-nkb-uploads/old/otg_prod/28-10-2020/28-10-2020-approachesToEntrepereneurship-Part1-English-V1-720p.mp4,s3://nxtwave-common-media-static/nw-studio-nkb-uploads/old/otg_prod/28-10-2020/28-10-2020-approachesToEntrepereneurship-Part1-English-V1-720p_ibhlr.mp4,success,"IB HUbs In Slide@0m21s(right-to-left,40px);IB Co In Slide@0m21s(right-to-left,40px)"
165,s3://nw-studio-nkb-uploads/old/otg_prod/28-10-2020/28-10-2020-approachesToEntrepereneurship-Part1-Telugu-V1-720p-new.mp4,s3://nxtwave-common-media-static/nw-studio-nkb-uploads/old/otg_prod/28-10-2020/28-10-2020-approachesToEntrepereneurship-Part1-Telugu-V1-720p-new_ibhlr.mp4,success,"IB Co In Slide@0m18s(right-to-left,105px);Nxtwave With IB in Slide@0m34s(right-to-left,412px)"
166,s3://nw-studio-nkb-uploads/old/otg_prod/28-10-2020/28-10-2020-approachesToEntrepereneurship-Part1-Telugu-V1-720p.mp4,s3://nxtwave-common-media-static/nw-studio-nkb-uploads/old/otg_prod/28-10-2020/28-10-2020-approachesToEntrepereneurship-Part1-Telugu-V1-720p_ibhlr.mp4,success,"IB Co In Slide@0m18s(right-to-left,105px);Nxtwave With IB in Slide@0m34s(right-to-left,412px)"
167,s3://nw-studio-nkb-uploads/old/otg_prod/28-10-2020/28-10-2020-essentialQualitiesIntegrity-Hindi-V1-720p.mp4,s3://nxtwave-common-media-static/nw-studio-nkb-uploads/old/otg_prod/28-10-2020/28-10-2020-essentialQualitiesIntegrity-Hindi-V1-720p_ibhlr.mp4,success,
168,s3://nw-studio-nkb-uploads/old/otg_prod/28-10-2020/28-10-2020-recurrenceRelations-English-V1-720p.mp4,s3://nxtwave-common-media-static/nw-studio-nkb-uploads/old/otg_prod/28-10-2020/28-10-2020-recurrenceRelations-English-V1-720p_ibhlr.mp4,success,
169,s3://nw-studio-nkb-uploads/old/otg_prod/28-10-2020/28-10-2020-websiteBehindTheScenes-English-V1-720p.mp4,s3://nxtwave-common-media-static/nw-studio-nkb-uploads/old/otg_prod/28-10-2020/28-10-2020-websiteBehindTheScenes-English-V1-720p_ibhlr.mp4,success,"Only IB HUbs@2m3s(right-to-left,116px);Logo Bottom Right 2@2m3s(right-to-left,982px);NX IB 3@2m3s(right-to-left,116px);Nxtwave With IB in Slide@2m4s(left-to-right,972px)"
170,s3://nw-studio-nkb-uploads/old/otg_prod/28-10-2020/28-10-2020-websiteBehindTheScenes-Hindi-V1-720p.mp4,s3://nxtwave-common-media-static/nw-studio-nkb-uploads/old/otg_prod/28-10-2020/28-10-2020-websiteBehindTheScenes-Hindi-V1-720p_ibhlr.mp4,success,"Only IB HUbs@3m23s(right-to-left,59px);Logo Bottom Right 2@3m23s(right-to-left,885px);NX IB 3@3m23s(right-to-left,60px);Nxtwave With IB in Slide@3m24s(left-to-right,873px)"
171,s3://nw-studio-nkb-uploads/old/otg_prod/28-10-2020/28-10-2020-websiteBehindTheScenes-Telugu-V1-720p.mp4,s3://nxtwave-common-media-static/nw-studio-nkb-uploads/old/otg_prod/28-10-2020/28-10-2020-websiteBehindTheScenes-Telugu-V1-720p_ibhlr.mp4,success,
172,s3://nw-studio-nkb-uploads/old/otg_prod/29-10-2020/28-10-2020-problemSolvingAndDebuggingPart1-Hindi-V1-720p.mp4,s3://nxtwave-common-media-static/nw-studio-nkb-uploads/old/otg_prod/29-10-2020/28-10-2020-problemSolvingAndDebuggingPart1-Hindi-V1-720p_ibhlr.mp4,success,"Only IB HUbs@5m7s(left-to-right,27px);Logo Bottom Right 2@5m7s(left-to-right,26px);NX IB 3@5m7s(left-to-right,26px)"
173,s3://nw-studio-nkb-uploads/old/otg_prod/29-10-2020/28-10-2020-problemSolvingAndDebuggingPart1-Telugu-V1-720p.mp4,s3://nxtwave-common-media-static/nw-studio-nkb-uploads/old/otg_prod/29-10-2020/28-10-2020-problemSolvingAndDebuggingPart1-Telugu-V1-720p_ibhlr.mp4,success,"Only IB HUbs@5m0s(right-to-left,34px);Logo Bottom Right 2@5m0s(right-to-left,508px);NX IB 3@5m0s(right-to-left,34px);Nxtwave With IB in Slide@5m1s(left-to-right,498px)"
174,s3://nw-studio-nkb-uploads/old/otg_prod/29-10-2020/29-10-2020-Numpy-Part2-English-V1-720p.mp4,s3://nxtwave-common-media-static/nw-studio-nkb-uploads/old/otg_prod/29-10-2020/29-10-2020-Numpy-Part2-English-V1-720p_ibhlr.mp4,success,
175,s3://nw-studio-nkb-uploads/old/otg_prod/29-10-2020/29-10-2020-approachesToEntrepreneurshipPart2-English-V1-720p.mp4,s3://nxtwave-common-media-static/nw-studio-nkb-uploads/old/otg_prod/29-10-2020/29-10-2020-approachesToEntrepreneurshipPart2-English-V1-720p_ibhlr.mp4,success,"IB HUbs In Slide@0m15s(right-to-left,32px);IB Co In Slide@0m15s(right-to-left,32px)"
176,s3://nw-studio-nkb-uploads/old/otg_prod/29-10-2020/29-10-2020-approachesToEntreprenuershipPart-2-Hindi-V1-720p.mp4,s3://nxtwave-common-media-static/nw-studio-nkb-uploads/old/otg_prod/29-10-2020/29-10-2020-approachesToEntreprenuershipPart-2-Hindi-V1-720p_ibhlr.mp4,success,"IB HUbs In Slide@0m13s(right-to-left,35px);IB Co In Slide@0m13s(right-to-left,36px);Only IB HUbs@0m38s(right-to-left,130px);Logo Bottom Right 2@0m38s(right-to-left,638px);NX IB 3@0m38s(right-to-left,131px)"
177,s3://nw-studio-nkb-uploads/old/otg_prod/29-10-2020/29-10-2020-approachesToEntreprenuershipPart2-Telugu-V1-720p.mp4,s3://nxtwave-common-media-static/nw-studio-nkb-uploads/old/otg_prod/29-10-2020/29-10-2020-approachesToEntreprenuershipPart2-Telugu-V1-720p_ibhlr.mp4,success,"IB HUbs In Slide@0m16s(right-to-left,88px);IB Co In Slide@0m16s(right-to-left,88px);Only IB HUbs@0m39s(right-to-left,183px);Logo Bottom Right 2@0m39s(right-to-left,183px);NX IB 3@0m39s(right-to-left,183px);Nxtwave With IB in Slide@0m40s(right-to-left,593px)"
178,s3://nw-studio-nkb-uploads/old/otg_prod/29-10-2020/29-10-2020-problemSolvingAndDebuggingPart1-English-V1-720p.mp4,s3://nxtwave-common-media-static/nw-studio-nkb-uploads/old/otg_prod/29-10-2020/29-10-2020-problemSolvingAndDebuggingPart1-English-V1-720p_ibhlr.mp4,success,"Only IB HUbs@3m27s(right-to-left,56px);Logo Bottom Right 2@3m27s(right-to-left,57px);NX IB 3@3m27s(right-to-left,57px)"
179,s3://nw-studio-nkb-uploads/ccbp_prod/media/video_content/tech_foundations/programming_foundations/telugu/30-10-2020-problemSolvingAndDebuggingPart2-Telugu-V2.mp4,,error: Expected output not found: ./processed_videos179/30-10-2020-problemSolvingAndDebuggingPart2-Telugu-V2_ibhlr.mp4,
180,s3://nw-studio-nkb-uploads/old/otg_prod/30-10-2020/30-10-2020-BusinessModelCanvas-Part1-English-Part1-V1-720p.mp4,s3://nw-studio-nkb-uploads/old/otg_prod/30-10-2020/30-10-2020-BusinessModelCanvas-Part1-English-Part1-V1-720p_ibhlr.mp4,success,"Medium IB HUbs Author In Slide@0m22s(right-to-left,17px);IB HUbs Full Screen@0m22s(right-to-left,19px);Logo Bottom Right 2@33m5s(bottom-to-top,0px);Nxtwave With IB Small@34m12s(left-to-right,23px);Nxtwave With IB Small@34m16s(right-to-left,55px);Nxtwave With IB Small 2@40m58s(right-to-left,74px);Nxtwave With IB Small 2@44m29s(right-to-left,22px)"
181,s3://nw-studio-nkb-uploads/old/otg_prod/30-10-2020/30-10-2020-Week3AssignmentDiscussion-Hindi-V1-720.mp4,s3://nxtwave-common-media-static/nw-studio-nkb-uploads/old/otg_prod/30-10-2020/30-10-2020-Week3AssignmentDiscussion-Hindi-V1-720_ibhlr.mp4,success,"IB HUbs In Slide@0m15s(right-to-left,89px);IB Co In Slide@0m15s(right-to-left,89px);Medium IB HUbs Author In Slide@0m34s(right-to-left,16px);Medium IB HUbs Author In Slide@8m44s(bottom-to-top,29px);Medium IB HUbs Author In Slide@20m32s(bottom-to-top,32px)"
182,s3://nw-studio-nkb-uploads/old/otg_prod/30-10-2020/30-10-2020-indexingAndSlicing-English-V1-720p.mp4,s3://nxtwave-common-media-static/nw-studio-nkb-uploads/old/otg_prod/30-10-2020/30-10-2020-indexingAndSlicing-English-V1-720p_ibhlr.mp4,success,
183,s3://nw-studio-nkb-uploads/old/otg_prod/30-10-2020/30-10-2020-libraryFunctionsSortC-English-V1-720p.mp4,s3://nxtwave-common-media-static/nw-studio-nkb-uploads/old/otg_prod/30-10-2020/30-10-2020-libraryFunctionsSortC-English-V1-720p_ibhlr.mp4,success,
184,s3://nw-studio-nkb-uploads/old/otg_prod/30-10-2020/30-10-2020-libraryFunctionsSortJava-English-V1-720p.mp4,s3://nxtwave-common-media-static/nw-studio-nkb-uploads/old/otg_prod/30-10-2020/30-10-2020-libraryFunctionsSortJava-English-V1-720p_ibhlr.mp4,success,
185,s3://nw-studio-nkb-uploads/old/otg_prod/30-10-2020/30-10-2020-libraryFunctionsSortPython-English-V1-720p.mp4,s3://nxtwave-common-media-static/nw-studio-nkb-uploads/old/otg_prod/30-10-2020/30-10-2020-libraryFunctionsSortPython-English-V1-720p_ibhlr.mp4,success,
186,s3://nw-studio-nkb-uploads/old/otg_prod/30-10-2020/30-10-2020-problemSolvingAndDebugging-Part-2-English-V1-720p.mp4,s3://nxtwave-common-media-static/nw-studio-nkb-uploads/old/otg_prod/30-10-2020/30-10-2020-problemSolvingAndDebugging-Part-2-English-V1-720p_ibhlr.mp4,success,"Only IB HUbs@0m17s(right-to-left,32px);Logo Bottom Right 2@0m17s(right-to-left,32px);NX IB 3@0m17s(right-to-left,32px)"
187,s3://nw-studio-nkb-uploads/old/otg_prod/30-10-2020/30-10-2020-problemSolvingAndDebuggingPart2-Hindi-V1-720p.mp4,s3://nxtwave-common-media-static/nw-studio-nkb-uploads/old/otg_prod/30-10-2020/30-10-2020-problemSolvingAndDebuggingPart2-Hindi-V1-720p_ibhlr.mp4,success,"Nxtwave With IB Small@0m11s(right-to-left,84px)"
188,s3://nw-studio-nkb-uploads/old/otg_prod/30-10-2020/30-10-2020-problemSolvingAndDebuggingPart2-Telugu-V1-720p.mp4,s3://nxtwave-common-media-static/nw-studio-nkb-uploads/old/otg_prod/30-10-2020/30-10-2020-problemSolvingAndDebuggingPart2-Telugu-V1-720p_ibhlr.mp4,success,"Nxtwave With IB Small@0m13s(left-to-right,179px)"
189,s3://nw-studio-nkb-uploads/old/otg_prod/30-10-2020/30-10-2020-week3AssignmentDiscussion-English-V1-720p.mp4,s3://nxtwave-common-media-static/nw-studio-nkb-uploads/old/otg_prod/30-10-2020/30-10-2020-week3AssignmentDiscussion-English-V1-720p_ibhlr.mp4,success,
190,s3://nw-studio-nkb-uploads/old/otg_prod/30-10-2020/30-10-2020-week3AssignmentDiscussion-Telugu-V1-720p.mp4,s3://nxtwave-common-media-static/nw-studio-nkb-uploads/old/otg_prod/30-10-2020/30-10-2020-week3AssignmentDiscussion-Telugu-V1-720p_ibhlr.mp4,success,
191,s3://nw-studio-nkb-uploads/old/otg_prod/31-10-2020/31-10-2020-assignmentDayWeek4-English-V1-720p.mp4,s3://nxtwave-common-media-static/nw-studio-nkb-uploads/old/otg_prod/31-10-2020/31-10-2020-assignmentDayWeek4-English-V1-720p_ibhlr.mp4,success,
192,s3://nw-studio-nkb-uploads/old/otg_prod/31-10-2020/31-10-2020-assignmentDayWeek4-Telugu-V1-720p.mp4,s3://nxtwave-common-media-static/nw-studio-nkb-uploads/old/otg_prod/31-10-2020/31-10-2020-assignmentDayWeek4-Telugu-V1-720p_ibhlr.mp4,success,
193,s3://nw-studio-nkb-uploads/old/otg_prod/31-10-2020/31-10-2020-essentialQualities-passionToGrow-English-V1-720p.mp4,s3://nxtwave-common-media-static/nw-studio-nkb-uploads/old/otg_prod/31-10-2020/31-10-2020-essentialQualities-passionToGrow-English-V1-720p_ibhlr.mp4,success,
194,s3://nw-studio-nkb-uploads/old/otg_prod/31-10-2020/31-10-2020-essentialQualitiesPassionToGrow-Hindi-V1-720p.mp4,s3://nxtwave-common-media-static/nw-studio-nkb-uploads/old/otg_prod/31-10-2020/31-10-2020-essentialQualitiesPassionToGrow-Hindi-V1-720p_ibhlr.mp4,success,
195,s3://nw-studio-nkb-uploads/old/otg_prod/31-10-2020/31-10-2020-nestedConditionalStatements-English-V2-720p.mp4,s3://nxtwave-common-media-static/nw-studio-nkb-uploads/old/otg_prod/31-10-2020/31-10-2020-nestedConditionalStatements-English-V2-720p_ibhlr.mp4,success,"Only IB HUbs@1m32s(right-to-left,107px);Logo Bottom Right 2@1m32s(right-to-left,661px);NX IB 3@1m32s(right-to-left,107px);Nxtwave With IB in Slide@1m33s(left-to-right,650px)"
196,s3://nw-studio-nkb-uploads/old/otg_prod/31-10-2020/31-10-2020-nestedConditionalStatements-Hindi-V1-720p.mp4,s3://nxtwave-common-media-static/nw-studio-nkb-uploads/old/otg_prod/31-10-2020/31-10-2020-nestedConditionalStatements-Hindi-V1-720p_ibhlr.mp4,success,"Only IB HUbs@2m14s(right-to-left,42px);Logo Bottom Right 2@2m14s(right-to-left,845px);NX IB 3@2m14s(right-to-left,42px);Only IB HUbs@2m36s(right-to-left,137px);Logo Bottom Right 2@2m36s(right-to-left,137px);NX IB 3@2m36s(right-to-left,137px)"
197,s3://nw-studio-nkb-uploads/old/otg_prod/31-10-2020/31-10-2020-nestedConditionalStatements-Telugu-V1-720p.mp4,s3://nxtwave-common-media-static/nw-studio-nkb-uploads/old/otg_prod/31-10-2020/31-10-2020-nestedConditionalStatements-Telugu-V1-720p_ibhlr.mp4,success,"Only IB HUbs@1m13s(right-to-left,378px);Logo Bottom Right 2@1m13s(right-to-left,378px);NX IB 3@1m13s(right-to-left,122px);Nxtwave With IB in Slide@1m14s(left-to-right,368px)"
198,s3://nw-studio-nkb-uploads/old/otg_prod/31-10-2020/31-10-2020-week4AssignmentDay-Hindi-V1-720p.mp4,s3://nxtwave-common-media-static/nw-studio-nkb-uploads/old/otg_prod/31-10-2020/31-10-2020-week4AssignmentDay-Hindi-V1-720p_ibhlr.mp4,success,"IB HUbs In Slide@0m13s(right-to-left,47px);IB Co In Slide@0m13s(right-to-left,47px)"
199,s3://nw-studio-nkb-uploads/old/otg_prod/2-11-2020/02-11-2020-HTMLHyperlinks-Hindi-V1-720p.mp4,s3://nxtwave-common-media-static/nw-studio-nkb-uploads/old/otg_prod/2-11-2020/02-11-2020-HTMLHyperlinks-Hindi-V1-720p_ibhlr.mp4,success,"Only IB HUbs@0m51s(right-to-left,14px);Logo Bottom Right 2@0m51s(right-to-left,14px);NX IB 3@0m51s(right-to-left,14px);Only IB HUbs@1m52s(right-to-left,123px);Logo Bottom Right 2@1m52s(right-to-left,123px);NX IB 3@1m52s(right-to-left,123px);Nxtwave With IB in Slide@1m52s(right-to-left,123px);Only IB HUbs@4m8s(right-to-left,218px);Logo Bottom Right 2@4m8s(right-to-left,218px);NX IB 3@4m8s(right-to-left,218px);Nxtwave With IB in Slide@4m9s(left-to-right,206px);Only IB HUbs@5m20s(right-to-left,158px);Logo Bottom Right 2@5m20s(right-to-left,159px);NX IB 3@5m20s(right-to-left,159px);Nxtwave With IB in Slide@5m20s(right-to-left,158px);Only IB HUbs@5m49s(right-to-left,15px);Logo Bottom Right 2@5m49s(right-to-left,763px);NX IB 3@5m49s(right-to-left,15px);Nxtwave With IB in Slide@5m50s(left-to-right,751px)"
200,s3://nw-studio-nkb-uploads/old/otg_prod/2-11-2020/02-11-2020-HTMLHyperlinks-Telugu-V1-720p.mp4,s3://nxtwave-common-media-static/nw-studio-nkb-uploads/old/otg_prod/2-11-2020/02-11-2020-HTMLHyperlinks-Telugu-V1-720p_ibhlr.mp4,success,"Only IB HUbs@1m51s(right-to-left,423px);Logo Bottom Right 2@1m51s(right-to-left,423px);NX IB 3@1m51s(right-to-left,147px);Nxtwave With IB in Slide@1m52s(left-to-right,412px);Only IB HUbs@2m40s(right-to-left,387px);Logo Bottom Right 2@2m40s(right-to-left,387px);NX IB 3@2m40s(right-to-left,128px);Nxtwave With IB in Slide@2m40s(right-to-left,387px);Only IB HUbs@4m30s(right-to-left,401px);Logo Bottom Right 2@4m30s(right-to-left,401px);NX IB 3@4m30s(right-to-left,135px);Nxtwave With IB in Slide@4m31s(left-to-right,391px)"
202,s3://nw-studio-nkb-uploads/old/otg_prod/2-11-2020/2-11-2020-HTMLHyperLinks-English-V1-720p.mp4,s3://nxtwave-common-media-static/nw-studio-nkb-uploads/old/otg_prod/2-11-2020/2-11-2020-HTMLHyperLinks-English-V1-720p_ibhlr.mp4,success,"Only IB HUbs@2m5s(right-to-left,59px);Logo Bottom Right 2@2m5s(right-to-left,569px);NX IB 3@2m5s(right-to-left,58px);Nxtwave With IB in Slide@2m5s(right-to-left,569px);Only IB HUbs@4m10s(right-to-left,317px);Logo Bottom Right 2@4m10s(right-to-left,318px);NX IB 3@4m10s(right-to-left,318px);Nxtwave With IB in Slide@4m11s(left-to-right,307px)"
205,s3://nw-studio-nkb-uploads/old/otg_prod/2-12-2020/2-11-2020-focus-Hindi-xpmf-V1-720p.mp4,s3://nxtwave-common-media-static/nw-studio-nkb-uploads/old/otg_prod/2-12-2020/2-11-2020-focus-Hindi-xpmf-V1-720p_ibhlr.mp4,success,"Only IB HUbs@23m31s(left-to-right,24px);Logo Bottom Right 2@23m31s(left-to-right,23px);NX IB 3@23m31s(left-to-right,23px);Only IB HUbs@24m44s(right-to-left,24px);Logo Bottom Right 2@24m44s(right-to-left,23px);NX IB 3@24m44s(right-to-left,23px);Only IB HUbs@31m19s(left-to-right,24px);Logo Bottom Right 2@31m19s(left-to-right,23px);NX IB 3@31m19s(left-to-right,23px);Only IB HUbs@31m38s(right-to-left,24px);Logo Bottom Right 2@31m38s(right-to-left,23px);NX IB 3@31m38s(right-to-left,23px)"
206,s3://nw-studio-nkb-uploads/old/otg_prod/2-12-2020/2-11-2020-ideaGenerationPart1-Hindi-mngt-V1-720p.mp4,s3://nxtwave-common-media-static/nw-studio-nkb-uploads/old/otg_prod/2-12-2020/2-11-2020-ideaGenerationPart1-Hindi-mngt-V1-720p_ibhlr.mp4,success,"IB HUbs In Slide@0m10s(right-to-left,79px);IB Co In Slide@0m10s(right-to-left,79px);Only IB HUbs@0m34s(right-to-left,64px);Logo Bottom Right 2@0m34s(right-to-left,65px);NX IB 3@0m34s(right-to-left,65px);Nxtwave With IB in Slide@0m35s(right-to-left,518px)"
207,s3://nw-studio-nkb-uploads/old/otg_prod/2-12-2020/2-11-2020-ideaGenerationPart1-Telugu-mngt-V1-720p.mp4,s3://nxtwave-common-media-static/nw-studio-nkb-uploads/old/otg_prod/2-12-2020/2-11-2020-ideaGenerationPart1-Telugu-mngt-V1-720p_ibhlr.mp4,success,"IB Co In Slide@0m18s(right-to-left,127px);Nxtwave With IB Small@0m32s(bottom-to-top,0px);Nxtwave With IB Small 2@37m43s(right-to-left,51px);IB HUbs In Slide@37m51s(left-to-right,131px);IB Co In Slide@37m51s(left-to-right,131px)"
208,s3://nw-studio-nkb-uploads/ccbp_prod/media/video_content/projects/build_your_own_static_website/english/3-11-2020-onDemandSession-English-V2.mp4,,error: Expected output not found: ./processed_videos208/3-11-2020-onDemandSession-English-V2_ibhlr.mp4,
209,s3://nw-studio-nkb-uploads/ccbp_prod/media/video_content/projects/build_your_own_static_website/hindi/03-11-2020-onDemandSession-Hindi-V1.mp4,s3://nxtwave-common-media-static/nw-studio-nkb-uploads/ccbp_prod/media/video_content/projects/build_your_own_static_website/hindi/03-11-2020-onDemandSession-Hindi-V1_ibhlr.mp4,success,
210,s3://nw-studio-nkb-uploads/ccbp_prod/media/video_content/projects/build_your_own_static_website/telugu/03-11-2020-onDemandSession-Telugu-V2.mp4,,error: Expected output not found: ./processed_videos210/03-11-2020-onDemandSession-Telugu-V2_ibhlr.mp4,
211,s3://nw-studio-nkb-uploads/old/otg_prod/03-11-2020/03-11-2020-developingWebsiteslocally-Hindi-V1-720p.mp4,s3://nxtwave-common-media-static/nw-studio-nkb-uploads/old/otg_prod/03-11-2020/03-11-2020-developingWebsiteslocally-Hindi-V1-720p_ibhlr.mp4,success,"Only IB HUbs@1m2s(right-to-left,238px);Logo Bottom Right 2@1m2s(right-to-left,239px);NX IB 3@1m2s(right-to-left,239px);Nxtwave With IB in Slide@1m3s(left-to-right,228px)"
212,s3://nw-studio-nkb-uploads/old/otg_prod/03-11-2020/03-11-2020-developingWebsiteslocally-Telugu-V1-720p.mp4,s3://nxtwave-common-media-static/nw-studio-nkb-uploads/old/otg_prod/03-11-2020/03-11-2020-developingWebsiteslocally-Telugu-V1-720p_ibhlr.mp4,success,"Only IB HUbs@1m50s(right-to-left,84px);Logo Bottom Right 2@1m50s(right-to-left,621px);NX IB 3@1m50s(right-to-left,85px);Nxtwave With IB in Slide@1m51s(left-to-right,610px)"
213,s3://nw-studio-nkb-uploads/old/otg_prod/03-11-2020/3-11-2020-BroadcastingAndUfuncs-English-V1-720p.mp4,s3://nxtwave-common-media-static/nw-studio-nkb-uploads/old/otg_prod/03-11-2020/3-11-2020-BroadcastingAndUfuncs-English-V1-720p_ibhlr.mp4,success,
214,s3://nw-studio-nkb-uploads/old/otg_prod/03-11-2020/3-11-2020-approachesToEntrepreneurshipPart 3- Hindi-V1-720p.mp4,s3://nxtwave-common-media-static/nw-studio-nkb-uploads/old/otg_prod/03-11-2020/3-11-2020-approachesToEntrepreneurshipPart 3- Hindi-V1-720p_ibhlr.mp4,success,"IB HUbs In Slide@0m27s(right-to-left,17px);IB Co In Slide@0m27s(right-to-left,17px);Nxtwave With IB Small@11m20s(right-to-left,38px)"
215,s3://nw-studio-nkb-uploads/old/otg_prod/03-11-2020/3-11-2020-approachesToEntrepreneurshipPart3-English-V1-720p.mp4,s3://nxtwave-common-media-static/nw-studio-nkb-uploads/old/otg_prod/03-11-2020/3-11-2020-approachesToEntrepreneurshipPart3-English-V1-720p_ibhlr.mp4,success,"IB HUbs In Slide@0m20s(right-to-left,44px);IB Co In Slide@0m20s(right-to-left,140px);Only IB HUbs@14m43s(right-to-left,83px);Logo Bottom Right 2@14m43s(right-to-left,84px);NX IB 3@14m43s(right-to-left,84px)"
216,s3://nw-studio-nkb-uploads/old/otg_prod/03-11-2020/3-11-2020-approachesToEntrepreneurshipPart3-Hindi-V1-720p-new.mp4,s3://nxtwave-common-media-static/nw-studio-nkb-uploads/old/otg_prod/03-11-2020/3-11-2020-approachesToEntrepreneurshipPart3-Hindi-V1-720p-new_ibhlr.mp4,success,"IB HUbs In Slide@0m27s(right-to-left,17px);IB Co In Slide@0m27s(right-to-left,17px);Nxtwave With IB Small@11m20s(right-to-left,38px)"
217,s3://nw-studio-nkb-uploads/old/otg_prod/03-11-2020/3-11-2020-approachesToEntrepreneurshipPart3-Telugu-V1-720p.mp4,s3://nxtwave-common-media-static/nw-studio-nkb-uploads/old/otg_prod/03-11-2020/3-11-2020-approachesToEntrepreneurshipPart3-Telugu-V1-720p_ibhlr.mp4,success,"IB Co In Slide@0m18s(right-to-left,123px);Only IB HUbs@13m58s(right-to-left,82px);Logo Bottom Right 2@13m58s(right-to-left,83px);NX IB 3@13m58s(right-to-left,83px);Nxtwave With IB in Slide@13m59s(right-to-left,534px)"
218,s3://nw-studio-nkb-uploads/old/otg_prod/03-11-2020/3-11-2020-developingStaticWebsitesLocally-English-V1-720p.mp4,s3://nxtwave-common-media-static/nw-studio-nkb-uploads/old/otg_prod/03-11-2020/3-11-2020-developingStaticWebsitesLocally-English-V1-720p_ibhlr.mp4,success,"Only IB HUbs@3m21s(right-to-left,46px);Logo Bottom Right 2@3m21s(right-to-left,886px);NX IB 3@3m21s(right-to-left,46px);Nxtwave With IB in Slide@3m22s(left-to-right,875px)"
219,s3://nw-studio-nkb-uploads/old/otg_prod/04-11-2020/04-11-2020-IntroductionToResponsiveWebDesign-Hindi-V1-720p.mp4,s3://nxtwave-common-media-static/nw-studio-nkb-uploads/old/otg_prod/04-11-2020/04-11-2020-IntroductionToResponsiveWebDesign-Hindi-V1-720p_ibhlr.mp4,success,"IB HUbs In Slide@0m11s(right-to-left,81px);IB Co In Slide@0m11s(right-to-left,80px)"
220,s3://nw-studio-nkb-uploads/old/otg_prod/04-11-2020/04-11-2020-IntroductionToResponsiveWebDesign-Telugu-V1-720p.mp4,s3://nxtwave-common-media-static/nw-studio-nkb-uploads/old/otg_prod/04-11-2020/04-11-2020-IntroductionToResponsiveWebDesign-Telugu-V1-720p_ibhlr.mp4,success,"IB HUbs In Slide@0m12s(right-to-left,35px);IB Co In Slide@0m12s(right-to-left,35px)"
221,s3://nw-studio-nkb-uploads/old/otg_prod/04-11-2020/04-11-2020-approachesToEntrepreneurshipPart4-English-V1-720p.mp4,s3://nxtwave-common-media-static/nw-studio-nkb-uploads/old/otg_prod/04-11-2020/04-11-2020-approachesToEntrepreneurshipPart4-English-V1-720p_ibhlr.mp4,success,"IB HUbs In Slide@0m22s(right-to-left,13px);IB Co In Slide@0m22s(right-to-left,13px);Nxtwave With IB Small@5m51s(right-to-left,33px)"
222,s3://nw-studio-nkb-uploads/old/otg_prod/04-11-2020/04-11-2020-approachesToEntrepreneurshipPart4-Telugu-V1-720p.mp4,s3://nxtwave-common-media-static/nw-studio-nkb-uploads/old/otg_prod/04-11-2020/04-11-2020-approachesToEntrepreneurshipPart4-Telugu-V1-720p_ibhlr.mp4,success,"IB HUbs In Slide@0m17s(right-to-left,42px);IB Co In Slide@0m17s(right-to-left,41px)"
223,s3://nw-studio-nkb-uploads/old/otg_prod/04-11-2020/04-11-2020-codeWalkThrough4-English-V1-720p.mp4,s3://nxtwave-common-media-static/nw-studio-nkb-uploads/old/otg_prod/04-11-2020/04-11-2020-codeWalkThrough4-English-V1-720p_ibhlr.mp4,success,
224,s3://nw-studio-nkb-uploads/old/otg_prod/04-11-2020/4-11-2020-approachToEntreprenuershipPart-4-Hindi-V1-720p.mp4,s3://nxtwave-common-media-static/nw-studio-nkb-uploads/old/otg_prod/04-11-2020/4-11-2020-approachToEntreprenuershipPart-4-Hindi-V1-720p_ibhlr.mp4,success,"IB HUbs In Slide@0m19s(right-to-left,33px);IB Co In Slide@0m19s(right-to-left,33px)"
225,s3://nw-studio-nkb-uploads/old/otg_prod/04-11-2020/4-11-2020-arrayManipulationAndPadding-English-V1-720p.mp4,s3://nxtwave-common-media-static/nw-studio-nkb-uploads/old/otg_prod/04-11-2020/4-11-2020-arrayManipulationAndPadding-English-V1-720p_ibhlr.mp4,success,
226,s3://nw-studio-nkb-uploads/old/otg_prod/04-11-2020/4-11-2020-identityReview-English-V1-720p-new.mp4,s3://nxtwave-common-media-static/nw-studio-nkb-uploads/old/otg_prod/04-11-2020/4-11-2020-identityReview-English-V1-720p-new_ibhlr.mp4,success,"Logo Bottom Right 2@26m9s(right-to-left,155px);NX IB 3@26m9s(right-to-left,155px);Logo Bottom Right 2@26m19s(left-to-right,155px);NX IB 3@26m19s(left-to-right,155px);Logo Bottom Right 2@32m56s(right-to-left,160px);NX IB 3@32m56s(right-to-left,160px);Logo Bottom Right 2@33m0s(left-to-right,160px);NX IB 3@33m0s(left-to-right,160px);Only IB HUbs@46m47s(right-to-left,161px);Logo Bottom Right 2@46m47s(right-to-left,161px);NX IB 3@46m47s(right-to-left,161px);Only IB HUbs@46m51s(left-to-right,161px);Logo Bottom Right 2@46m51s(left-to-right,161px);NX IB 3@46m51s(left-to-right,161px)"
227,s3://nw-studio-nkb-uploads/old/otg_prod/04-11-2020/4-11-2020-identityReview-English-V1-720p.mp4,s3://nxtwave-common-media-static/nw-studio-nkb-uploads/old/otg_prod/04-11-2020/4-11-2020-identityReview-English-V1-720p_ibhlr.mp4,success,
228,s3://nw-studio-nkb-uploads/old/otg_prod/04-11-2020/4-11-2020-identityReview-Hindi-V1-720p-new.mp4,s3://nw-studio-nkb-uploads/old/otg_prod/04-11-2020/4-11-2020-identityReview-Hindi-V1-720p-new_ibhlr.mp4,success,"Logo Bottom Right 2@32m49s(left-to-right,155px);Logo Bottom Right 2@36m26s(right-to-left,160px);Logo Bottom Right 2@36m29s(left-to-right,160px);Logo Bottom Right 2@40m57s(left-to-right,160px);Logo Bottom Right 2@49m0s(left-to-right,158px)"
230,s3://nw-studio-nkb-uploads/old/otg_prod/04-11-2020/4-11-2020-identityReview-Telugu-V1-720p-new.mp4,s3://nw-studio-nkb-uploads/old/otg_prod/04-11-2020/4-11-2020-identityReview-Telugu-V1-720p-new_ibhlr.mp4,success,"Logo Bottom Right 2@18m38s(right-to-left,155px);Logo Bottom Right 2@18m46s(left-to-right,155px);Logo Bottom Right 2@23m40s(right-to-left,160px);Logo Bottom Right 2@23m43s(left-to-right,160px);Logo Bottom Right 2@32m56s(left-to-right,160px);Logo Bottom Right 2@41m39s(left-to-right,161px);Logo Bottom Right 2@49m30s(left-to-right,158px)"
232,s3://nw-studio-nkb-uploads/old/otg_prod/04-11-2020/4-11-2020-introductionToResponsiveWebDesign-English-V1-720p.mp4,s3://nxtwave-common-media-static/nw-studio-nkb-uploads/old/otg_prod/04-11-2020/4-11-2020-introductionToResponsiveWebDesign-English-V1-720p_ibhlr.mp4,success,"IB HUbs In Slide@0m17s(right-to-left,42px);IB Co In Slide@0m17s(right-to-left,42px)"
233,s3://nw-studio-nkb-uploads/ccbp_prod/media/video_content/tech_foundations/programming_foundations/english/5-11-2020-loops-English-V1.mp4,,error: Expected output not found: ./processed_videos233/5-11-2020-loops-English-V1_ibhlr.mp4,
234,s3://nw-studio-nkb-uploads/old/otg_prod/05-11-2020/05-11-2020-Loops-Telugu-V1-720p.mp4,s3://nxtwave-common-media-static/nw-studio-nkb-uploads/old/otg_prod/05-11-2020/05-11-2020-Loops-Telugu-V1-720p_ibhlr.mp4,success,
235,s3://nw-studio-nkb-uploads/old/otg_prod/05-11-2020/5-11-2020-Loops-English-V1-720p.mp4,s3://nxtwave-common-media-static/nw-studio-nkb-uploads/old/otg_prod/05-11-2020/5-11-2020-Loops-English-V1-720p_ibhlr.mp4,success,"Only IB HUbs@1m26s(right-to-left,414px);Logo Bottom Right 2@1m26s(right-to-left,414px);NX IB 3@1m26s(right-to-left,164px);Nxtwave With IB in Slide@1m27s(left-to-right,403px)"
236,s3://nw-studio-nkb-uploads/old/otg_prod/05-11-2020/5-11-2020-Loops-Hindi-V1-720p.mp4,s3://nxtwave-common-media-static/nw-studio-nkb-uploads/old/otg_prod/05-11-2020/5-11-2020-Loops-Hindi-V1-720p_ibhlr.mp4,success,"Only IB HUbs@1m32s(left-to-right,20px);Logo Bottom Right 2@1m32s(left-to-right,19px);NX IB 3@1m32s(left-to-right,19px)"
237,s3://nw-studio-nkb-uploads/old/otg_prod/05-11-2020/5-11-2020-approachesToEntrepreneurshipPart5-English-V1-720p.mp4,s3://nxtwave-common-media-static/nw-studio-nkb-uploads/old/otg_prod/05-11-2020/5-11-2020-approachesToEntrepreneurshipPart5-English-V1-720p_ibhlr.mp4,success,"IB HUbs In Slide@0m15s(right-to-left,95px);IB Co In Slide@0m15s(right-to-left,95px)"
238,s3://nw-studio-nkb-uploads/old/otg_prod/05-11-2020/5-11-2020-approachesToEntrepreneurshipPart5-Hindi-V1-720p.mp4,s3://nxtwave-common-media-static/nw-studio-nkb-uploads/old/otg_prod/05-11-2020/5-11-2020-approachesToEntrepreneurshipPart5-Hindi-V1-720p_ibhlr.mp4,success,"Only IB HUbs@1m5s(right-to-left,156px);Logo Bottom Right 2@1m5s(right-to-left,155px);NX IB 3@1m5s(right-to-left,155px)"
239,s3://nw-studio-nkb-uploads/old/otg_prod/05-11-2020/5-11-2020-approachesToEntrepreneurshipPart5-Telugu-V1-720p.mp4,s3://nxtwave-common-media-static/nw-studio-nkb-uploads/old/otg_prod/05-11-2020/5-11-2020-approachesToEntrepreneurshipPart5-Telugu-V1-720p_ibhlr.mp4,success,"IB Co In Slide@0m17s(right-to-left,100px);Only IB HUbs@0m42s(right-to-left,166px);Logo Bottom Right 2@0m42s(right-to-left,167px);NX IB 3@0m42s(right-to-left,167px)"
240,s3://nw-studio-nkb-uploads/old/otg_prod/06-11-2020/06-11-2020-forLoop-Telugu-V1-720p.mp4,s3://nxtwave-common-media-static/nw-studio-nkb-uploads/old/otg_prod/06-11-2020/06-11-2020-forLoop-Telugu-V1-720p_ibhlr.mp4,success,"Only IB HUbs@5m23s(left-to-right,23px);Logo Bottom Right 2@5m23s(left-to-right,23px);NX IB 3@5m23s(left-to-right,23px)"
241,s3://nw-studio-nkb-uploads/old/otg_prod/06-11-2020/6-11-2020-forLoop-English-V1-720p.mp4,s3://nxtwave-common-media-static/nw-studio-nkb-uploads/old/otg_prod/06-11-2020/6-11-2020-forLoop-English-V1-720p_ibhlr.mp4,success,"Only IB HUbs@6m8s(left-to-right,15px);Logo Bottom Right 2@6m8s(left-to-right,14px);NX IB 3@6m8s(left-to-right,14px)"
242,s3://nw-studio-nkb-uploads/old/otg_prod/06-11-2020/6-11-2020-forLoop-Hindi-V1-720p.mp4,s3://nxtwave-common-media-static/nw-studio-nkb-uploads/old/otg_prod/06-11-2020/6-11-2020-forLoop-Hindi-V1-720p_ibhlr.mp4,success,"Only IB HUbs@7m48s(right-to-left,105px);Logo Bottom Right 2@7m48s(right-to-left,105px);NX IB 3@7m48s(right-to-left,105px)"
243,s3://nw-studio-nkb-uploads/old/otg_prod/06-11-2020/6-11-2020-quickSort-English-V1-720p.mp4,s3://nxtwave-common-media-static/nw-studio-nkb-uploads/old/otg_prod/06-11-2020/6-11-2020-quickSort-English-V1-720p_ibhlr.mp4,success,"Nxtwave With IB Small@35m21s(right-to-left,282px)"
244,s3://nw-studio-nkb-uploads/old/otg_prod/06-11-2020/6-11-2020-visualizingManipulationsAndMoreNumpyMethods-English-V1-720p.mp4,s3://nxtwave-common-media-static/nw-studio-nkb-uploads/old/otg_prod/06-11-2020/6-11-2020-visualizingManipulationsAndMoreNumpyMethods-English-V1-720p_ibhlr.mp4,success,"Only IB HUbs@1m26s(left-to-right,32px);Logo Bottom Right 2@1m26s(left-to-right,32px);NX IB 3@1m26s(left-to-right,32px);Only IB HUbs@35m34s(right-to-left,32px);Logo Bottom Right 2@35m34s(right-to-left,32px);NX IB 3@35m34s(right-to-left,32px);Only IB HUbs@35m44s(left-to-right,32px);Logo Bottom Right 2@35m44s(left-to-right,32px);NX IB 3@35m44s(left-to-right,32px)"
245,s3://nw-studio-nkb-uploads/old/otg_prod/06-11-2020/6-11-2020-week4AssignmentDiscussion-English-V1-720p.mp4,s3://nxtwave-common-media-static/nw-studio-nkb-uploads/old/otg_prod/06-11-2020/6-11-2020-week4AssignmentDiscussion-English-V1-720p_ibhlr.mp4,success,"Medium IB HUbs Author In Slide@11m3s(bottom-to-top,36px)"
246,s3://nw-studio-nkb-uploads/old/otg_prod/06-11-2020/6-11-2020-week4AssignmentDiscussion-Hindi-V1-720p.mp4,s3://nxtwave-common-media-static/nw-studio-nkb-uploads/old/otg_prod/06-11-2020/6-11-2020-week4AssignmentDiscussion-Hindi-V1-720p_ibhlr.mp4,success,"IB Co In Slide@0m13s(right-to-left,130px);Medium IB HUbs Author In Slide@0m48s(right-to-left,25px);Medium IB HUbs Author In Slide@3m44s(bottom-to-top,22px);Medium IB HUbs Author In Slide@9m0s(bottom-to-top,31px);Medium IB HUbs Author In Slide@11m8s(bottom-to-top,18px);Medium IB HUbs Author In Slide@15m5s(bottom-to-top,69px)"
247,s3://nw-studio-nkb-uploads/old/otg_prod/06-11-2020/6-11-2020-week4AssignmentDiscussion-Telugu-V1-720p.mp4,s3://nxtwave-common-media-static/nw-studio-nkb-uploads/old/otg_prod/06-11-2020/6-11-2020-week4AssignmentDiscussion-Telugu-V1-720p_ibhlr.mp4,success,
248,s3://nw-studio-nkb-uploads/ccbp_prod/media/video_content/tech_foundations/programming_foundations/english/7-11-2020-stringMethods-English-V1.mp4,,error: Expected output not found: ./processed_videos248/7-11-2020-stringMethods-English-V1_ibhlr.mp4,
249,s3://nw-studio-nkb-uploads/old/otg_prod/07-11-2020/07-11-2020-stringMethods-Telugu-V1-720p.mp4,s3://nxtwave-common-media-static/nw-studio-nkb-uploads/old/otg_prod/07-11-2020/07-11-2020-stringMethods-Telugu-V1-720p_ibhlr.mp4,success,"Only IB HUbs@4m34s(right-to-left,33px);Logo Bottom Right 2@4m34s(right-to-left,912px);NX IB 3@4m34s(right-to-left,33px);Nxtwave With IB in Slide@4m35s(left-to-right,902px)"
250,s3://nw-studio-nkb-uploads/old/otg_prod/07-11-2020/7-11-2020-numpyCodingAssignment1-English-V1-720p.mp4,s3://nxtwave-common-media-static/nw-studio-nkb-uploads/old/otg_prod/07-11-2020/7-11-2020-numpyCodingAssignment1-English-V1-720p_ibhlr.mp4,success,
251,s3://nw-studio-nkb-uploads/old/otg_prod/07-11-2020/7-11-2020-stringMethods-English-V1-720p.mp4,s3://nxtwave-common-media-static/nw-studio-nkb-uploads/old/otg_prod/07-11-2020/7-11-2020-stringMethods-English-V1-720p_ibhlr.mp4,success,"Only IB HUbs@4m10s(right-to-left,59px);Logo Bottom Right 2@4m10s(right-to-left,571px);NX IB 3@4m10s(right-to-left,59px);Nxtwave With IB in Slide@4m11s(left-to-right,560px)"
252,s3://nw-studio-nkb-uploads/old/otg_prod/07-11-2020/7-11-2020-stringMethods-Hindi-V1-720p.mp4,s3://nxtwave-common-media-static/nw-studio-nkb-uploads/old/otg_prod/07-11-2020/7-11-2020-stringMethods-Hindi-V1-720p_ibhlr.mp4,success,"Only IB HUbs@5m15s(right-to-left,76px);Logo Bottom Right 2@5m15s(right-to-left,918px);NX IB 3@5m15s(right-to-left,77px);Nxtwave With IB in Slide@5m16s(left-to-right,907px)"
253,s3://nw-studio-nkb-uploads/old/otg_prod/07-11-2020/7-11-2020-week5AssignmentDay-English-V1-720p.mp4,s3://nxtwave-common-media-static/nw-studio-nkb-uploads/old/otg_prod/07-11-2020/7-11-2020-week5AssignmentDay-English-V1-720p_ibhlr.mp4,success,"Medium IB HUbs Author In Slide@5m6s(bottom-to-top,18px)"
254,s3://nw-studio-nkb-uploads/old/otg_prod/07-11-2020/7-11-2020-week5AssignmentDay-Hindi-V1-720p.mp4,s3://nxtwave-common-media-static/nw-studio-nkb-uploads/old/otg_prod/07-11-2020/7-11-2020-week5AssignmentDay-Hindi-V1-720p_ibhlr.mp4,success,"Medium IB HUbs Author In Slide@4m9s(top-to-bottom,16px)"
255,s3://nw-studio-nkb-uploads/old/otg_prod/07-11-2020/7-11-2020-week5AssignmentDay-Telugu-V1-720p.mp4,s3://nxtwave-common-media-static/nw-studio-nkb-uploads/old/otg_prod/07-11-2020/7-11-2020-week5AssignmentDay-Telugu-V1-720p_ibhlr.mp4,success,
256,s3://nw-studio-nkb-uploads/old/otg_prod/07-11-2020/7-11-2020-willingness-English-V1-720p.mp4,s3://nxtwave-common-media-static/nw-studio-nkb-uploads/old/otg_prod/07-11-2020/7-11-2020-willingness-English-V1-720p_ibhlr.mp4,success,
257,s3://nw-studio-nkb-uploads/old/otg_prod/07-11-2020/7-11-2020-willingness-Hindi-V1-720p.mp4,s3://nxtwave-common-media-static/nw-studio-nkb-uploads/old/otg_prod/07-11-2020/7-11-2020-willingness-Hindi-V1-720p_ibhlr.mp4,success,
258,s3://nw-studio-nkb-uploads/old/otg_prod/07-11-2020/7-11-2020-willingness-Telugu-V1-720p.mp4,s3://nxtwave-common-media-static/nw-studio-nkb-uploads/old/otg_prod/07-11-2020/7-11-2020-willingness-Telugu-V1-720p_ibhlr.mp4,success,
259,s3://nw-studio-nkb-uploads/old/otg_prod/07-11-2020/ai-ml-session-updatedVideos/07-11-2020-F1Score-English-V1-720p.mp4,s3://nxtwave-common-media-static/nw-studio-nkb-uploads/old/otg_prod/07-11-2020/ai-ml-session-updatedVideos/07-11-2020-F1Score-English-V1-720p_ibhlr.mp4,success,
260,s3://nw-studio-nkb-uploads/old/otg_prod/07-11-2020/ai-ml-session-updatedVideos/07-11-2020-MLProjectWorkflowPart1-English-V1-720p.mp4,s3://nxtwave-common-media-static/nw-studio-nkb-uploads/old/otg_prod/07-11-2020/ai-ml-session-updatedVideos/07-11-2020-MLProjectWorkflowPart1-English-V1-720p_ibhlr.mp4,success,"Only IB HUbs@5m23s(bottom-to-top,0px);Logo Bottom Right 2@5m23s(bottom-to-top,0px);NX IB 3@5m23s(bottom-to-top,0px)"
261,s3://nw-studio-nkb-uploads/old/otg_prod/07-11-2020/ai-ml-session-updatedVideos/07-11-2020-Numpy-Part2-English-V2-720p.mp4,s3://nxtwave-common-media-static/nw-studio-nkb-uploads/old/otg_prod/07-11-2020/ai-ml-session-updatedVideos/07-11-2020-Numpy-Part2-English-V2-720p_ibhlr.mp4,success,
262,s3://nw-studio-nkb-uploads/old/otg_prod/07-11-2020/ai-ml-session-updatedVideos/07-11-2020-arrayOperationAndUfuncs-English-V2-720p.mp4,s3://nxtwave-common-media-static/nw-studio-nkb-uploads/old/otg_prod/07-11-2020/ai-ml-session-updatedVideos/07-11-2020-arrayOperationAndUfuncs-English-V2-720p_ibhlr.mp4,success,
263,s3://nw-studio-nkb-uploads/old/otg_prod/07-11-2020/ai-ml-session-updatedVideos/07-11-2020-curseOfDimensionality-English-V1-720p.mp4,s3://nxtwave-common-media-static/nw-studio-nkb-uploads/old/otg_prod/07-11-2020/ai-ml-session-updatedVideos/07-11-2020-curseOfDimensionality-English-V1-720p_ibhlr.mp4,success,
264,s3://nw-studio-nkb-uploads/old/otg_prod/07-11-2020/ai-ml-session-updatedVideos/07-11-2020-handwrittenDigitRecognition-English-V1-720p.mp4,s3://nxtwave-common-media-static/nw-studio-nkb-uploads/old/otg_prod/07-11-2020/ai-ml-session-updatedVideos/07-11-2020-handwrittenDigitRecognition-English-V1-720p_ibhlr.mp4,success,
265,s3://nw-studio-nkb-uploads/old/otg_prod/07-11-2020/ai-ml-session-updatedVideos/07-11-2020-kNNAlgorithmPart1-English-V1-720p.mp4,s3://nxtwave-common-media-static/nw-studio-nkb-uploads/old/otg_prod/07-11-2020/ai-ml-session-updatedVideos/07-11-2020-kNNAlgorithmPart1-English-V1-720p_ibhlr.mp4,success,
266,s3://nw-studio-nkb-uploads/old/otg_prod/07-11-2020/ai-ml-session-updatedVideos/07-11-2020-kNNAlgorithmPart2-English-V1-720p.mp4,s3://nxtwave-common-media-static/nw-studio-nkb-uploads/old/otg_prod/07-11-2020/ai-ml-session-updatedVideos/07-11-2020-kNNAlgorithmPart2-English-V1-720p_ibhlr.mp4,success,"Big IB HUbs In Slide@47m12s(top-to-bottom,47px)"
267,s3://nw-studio-nkb-uploads/old/otg_prod/07-11-2020/ai-ml-session-updatedVideos/07-11-2020-multiClassMetrics-English-V1-720p.mp4,s3://nxtwave-common-media-static/nw-studio-nkb-uploads/old/otg_prod/07-11-2020/ai-ml-session-updatedVideos/07-11-2020-multiClassMetrics-English-V1-720p_ibhlr.mp4,success,
268,s3://nw-studio-nkb-uploads/old/otg_prod/07-11-2020/ai-ml-session-updatedVideos/07-11-2020-precisionAndRecall-English-V1-720p.mp4,s3://nxtwave-common-media-static/nw-studio-nkb-uploads/old/otg_prod/07-11-2020/ai-ml-session-updatedVideos/07-11-2020-precisionAndRecall-English-V1-720p_ibhlr.mp4,success,"Only IB HUbs@8m25s(right-to-left,367px);Logo Bottom Right 2@8m25s(right-to-left,368px);NX IB 3@8m25s(right-to-left,368px)"
269,s3://nw-studio-nkb-uploads/old/otg_prod/07-11-2020/ai-ml-session-updatedVideos/07-11-2020-predictionOnNewInputs-V1-720p.mp4,s3://nxtwave-common-media-static/nw-studio-nkb-uploads/old/otg_prod/07-11-2020/ai-ml-session-updatedVideos/07-11-2020-predictionOnNewInputs-V1-720p_ibhlr.mp4,success,
270,s3://nw-studio-nkb-uploads/old/otg_prod/07-11-2020/ai-ml-session-updatedVideos/07-11-2020-typesOfMachineLearningPart1-English-V1-720p.mp4,s3://nxtwave-common-media-static/nw-studio-nkb-uploads/old/otg_prod/07-11-2020/ai-ml-session-updatedVideos/07-11-2020-typesOfMachineLearningPart1-English-V1-720p_ibhlr.mp4,success,
271,s3://nw-studio-nkb-uploads/old/otg_prod/09-11-2020/09-11-2020-analysisOfQuickSort-English-V1-720p.mp4,s3://nxtwave-common-media-static/nw-studio-nkb-uploads/old/otg_prod/09-11-2020/09-11-2020-analysisOfQuickSort-English-V1-720p_ibhlr.mp4,success,
272,s3://nw-studio-nkb-uploads/old/otg_prod/09-11-2020/09-11-2020-bootstrapGridSystem-Telugu-V1-720p.mp4,s3://nxtwave-common-media-static/nw-studio-nkb-uploads/old/otg_prod/09-11-2020/09-11-2020-bootstrapGridSystem-Telugu-V1-720p_ibhlr.mp4,success,
273,s3://nw-studio-nkb-uploads/old/otg_prod/09-11-2020/09-11-2020-trainingSession1ForJGCFinalAssignmentC-English-V1-720p.mp4,s3://nxtwave-common-media-static/nw-studio-nkb-uploads/old/otg_prod/09-11-2020/09-11-2020-trainingSession1ForJGCFinalAssignmentC-English-V1-720p_ibhlr.mp4,success,"Only IB HUbs@0m40s(right-to-left,319px);Logo Bottom Right 2@0m40s(right-to-left,319px);NX IB 3@0m40s(right-to-left,319px);Nxtwave With IB in Slide@0m41s(right-to-left,615px)"
274,s3://nw-studio-nkb-uploads/old/otg_prod/09-11-2020/09-11-2020-trainingSession1ForJGCFinalAssignmentC-Hindi-V1-720p.mp4,s3://nxtwave-common-media-static/nw-studio-nkb-uploads/old/otg_prod/09-11-2020/09-11-2020-trainingSession1ForJGCFinalAssignmentC-Hindi-V1-720p_ibhlr.mp4,success,"Nxtwave With IB Small@0m49s(right-to-left,210px)"
275,s3://nw-studio-nkb-uploads/old/otg_prod/09-11-2020/09-11-2020-trainingSession1ForJGCFinalAssignmentC-Telugu-V1-720p.mp4,s3://nxtwave-common-media-static/nw-studio-nkb-uploads/old/otg_prod/09-11-2020/09-11-2020-trainingSession1ForJGCFinalAssignmentC-Telugu-V1-720p_ibhlr.mp4,success,
276,s3://nw-studio-nkb-uploads/old/otg_prod/09-11-2020/09-11-2020-trainingSession1ForJGCFinalAssignmentE-English-V1-720p.mp4,s3://nxtwave-common-media-static/nw-studio-nkb-uploads/old/otg_prod/09-11-2020/09-11-2020-trainingSession1ForJGCFinalAssignmentE-English-V1-720p_ibhlr.mp4,success,"Only IB HUbs@0m40s(right-to-left,124px);Logo Bottom Right 2@0m40s(right-to-left,125px);NX IB 3@0m40s(right-to-left,125px)"
277,s3://nw-studio-nkb-uploads/old/otg_prod/09-11-2020/09-11-2020-trainingSession1ForJGCFinalAssignmentE-Hindi-V1-720p.mp4,s3://nxtwave-common-media-static/nw-studio-nkb-uploads/old/otg_prod/09-11-2020/09-11-2020-trainingSession1ForJGCFinalAssignmentE-Hindi-V1-720p_ibhlr.mp4,success,"Nxtwave With IB Small@0m49s(right-to-left,63px)"
278,s3://nw-studio-nkb-uploads/old/otg_prod/09-11-2020/09-11-2020-trainingSession1ForJGCFinalAssignmentE-Telugu-V1-720p.mp4,s3://nxtwave-common-media-static/nw-studio-nkb-uploads/old/otg_prod/09-11-2020/09-11-2020-trainingSession1ForJGCFinalAssignmentE-Telugu-V1-720p_ibhlr.mp4,success,"Nxtwave With IB Small@0m56s(right-to-left,193px)"
279,s3://nw-studio-nkb-uploads/old/otg_prod/09-11-2020/9-11-2020-bootstrapGridSystem-English-V1-720p.mp4,s3://nxtwave-common-media-static/nw-studio-nkb-uploads/old/otg_prod/09-11-2020/9-11-2020-bootstrapGridSystem-English-V1-720p_ibhlr.mp4,success,
280,s3://nw-studio-nkb-uploads/old/otg_prod/09-11-2020/9-11-2020-bootstrapGridSystem-Hindi-V1-720p.mp4,s3://nxtwave-common-media-static/nw-studio-nkb-uploads/old/otg_prod/09-11-2020/9-11-2020-bootstrapGridSystem-Hindi-V1-720p_ibhlr.mp4,success,
281,s3://nw-studio-nkb-uploads/old/otg_prod/09-11-2020/9-11-2020-codingAssignmentSubmission-English-V1-720p.mp4,s3://nxtwave-common-media-static/nw-studio-nkb-uploads/old/otg_prod/09-11-2020/9-11-2020-codingAssignmentSubmission-English-V1-720p_ibhlr.mp4,success,
282,s3://nw-studio-nkb-uploads/old/otg_prod/09-11-2020/ML Thumbnail Updates/09-11-2020-F1Score-English-V1-720p.mp4,s3://nxtwave-common-media-static/nw-studio-nkb-uploads/old/otg_prod/09-11-2020/ML Thumbnail Updates/09-11-2020-F1Score-English-V1-720p_ibhlr.mp4,success,
283,s3://nw-studio-nkb-uploads/old/otg_prod/09-11-2020/ML Thumbnail Updates/09-11-2020-KNNQuiz-English-V1-720p.mp4,s3://nxtwave-common-media-static/nw-studio-nkb-uploads/old/otg_prod/09-11-2020/ML Thumbnail Updates/09-11-2020-KNNQuiz-English-V1-720p_ibhlr.mp4,success,
284,s3://nw-studio-nkb-uploads/old/otg_prod/09-11-2020/ML Thumbnail Updates/09-11-2020-curseOfDimensionality-English-V1-720p.mp4,s3://nxtwave-common-media-static/nw-studio-nkb-uploads/old/otg_prod/09-11-2020/ML Thumbnail Updates/09-11-2020-curseOfDimensionality-English-V1-720p_ibhlr.mp4,success,
285,s3://nw-studio-nkb-uploads/old/otg_prod/09-11-2020/ML Thumbnail Updates/09-11-2020-multiClassMetrics-English-V1-720p.mp4,s3://nxtwave-common-media-static/nw-studio-nkb-uploads/old/otg_prod/09-11-2020/ML Thumbnail Updates/09-11-2020-multiClassMetrics-English-V1-720p_ibhlr.mp4,success,
286,s3://nw-studio-nkb-uploads/old/otg_prod/09-11-2020/ML Thumbnail Updates/09-11-2020-predictionOnNewInputs-English-V1-720p.mp4,s3://nxtwave-common-media-static/nw-studio-nkb-uploads/old/otg_prod/09-11-2020/ML Thumbnail Updates/09-11-2020-predictionOnNewInputs-English-V1-720p_ibhlr.mp4,success,
287,s3://nw-studio-nkb-uploads/old/otg_prod/09-11-2020/MLThumbnailUpdates/09-11-2020-F1Score-English-V1-720p.mp4,s3://nxtwave-common-media-static/nw-studio-nkb-uploads/old/otg_prod/09-11-2020/MLThumbnailUpdates/09-11-2020-F1Score-English-V1-720p_ibhlr.mp4,success,
288,s3://nw-studio-nkb-uploads/old/otg_prod/09-11-2020/MLThumbnailUpdates/09-11-2020-KNNQuiz-English-V1-720p.mp4,s3://nxtwave-common-media-static/nw-studio-nkb-uploads/old/otg_prod/09-11-2020/MLThumbnailUpdates/09-11-2020-KNNQuiz-English-V1-720p_ibhlr.mp4,success,
289,s3://nw-studio-nkb-uploads/old/otg_prod/09-11-2020/MLThumbnailUpdates/09-11-2020-curseOfDimensionality-English-V1-720p.mp4,s3://nxtwave-common-media-static/nw-studio-nkb-uploads/old/otg_prod/09-11-2020/MLThumbnailUpdates/09-11-2020-curseOfDimensionality-English-V1-720p_ibhlr.mp4,success,
290,s3://nw-studio-nkb-uploads/old/otg_prod/09-11-2020/MLThumbnailUpdates/09-11-2020-multiClassMetrics-English-V1-720p.mp4,s3://nxtwave-common-media-static/nw-studio-nkb-uploads/old/otg_prod/09-11-2020/MLThumbnailUpdates/09-11-2020-multiClassMetrics-English-V1-720p_ibhlr.mp4,success,
291,s3://nw-studio-nkb-uploads/old/otg_prod/09-11-2020/MLThumbnailUpdates/09-11-2020-predictionOnNewInputs-English-V1-720p.mp4,s3://nxtwave-common-media-static/nw-studio-nkb-uploads/old/otg_prod/09-11-2020/MLThumbnailUpdates/09-11-2020-predictionOnNewInputs-English-V1-720p_ibhlr.mp4,success,
292,s3://nw-studio-nkb-uploads/ccbp_prod/media/video_content/projects/build_your_own_responsive_website/english/10-11-2020-bootstrapGridSystemPart2-English-V2.mp4,,error: Expected output not found: ./processed_videos292/10-11-2020-bootstrapGridSystemPart2-English-V2_ibhlr.mp4,
293,s3://nw-studio-nkb-uploads/ccbp_prod/media/video_content/projects/build_your_own_responsive_website/telugu/10-11-2020-bootstrapGridSystemPart2-Telugu-V2.mp4,,error: Expected output not found: ./processed_videos293/10-11-2020-bootstrapGridSystemPart2-Telugu-V2_ibhlr.mp4,
294,s3://nw-studio-nkb-uploads/old/otg_prod/10-11-2020-Bootstrap-Grid-System-Part2-English-V1-720p.mp4,s3://nxtwave-common-media-static/nw-studio-nkb-uploads/old/otg_prod/10-11-2020-Bootstrap-Grid-System-Part2-English-V1-720p_ibhlr.mp4,success,
295,s3://nw-studio-nkb-uploads/old/otg_prod/10-11-2020-Bootstrap-Grid-System-Part2-Hindi-V1-720p.mp4,s3://nxtwave-common-media-static/nw-studio-nkb-uploads/old/otg_prod/10-11-2020-Bootstrap-Grid-System-Part2-Hindi-V1-720p_ibhlr.mp4,success,"Only IB HUbs@1m40s(right-to-left,108px);Logo Bottom Right 2@1m40s(right-to-left,108px);NX IB 3@1m40s(right-to-left,108px);Nxtwave With IB in Slide@1m41s(left-to-right,98px)"
296,s3://nw-studio-nkb-uploads/old/otg_prod/10-11-2020-Bootstrap-Grid-System-Part2-Telugu-V1-720p.mp4,s3://nxtwave-common-media-static/nw-studio-nkb-uploads/old/otg_prod/10-11-2020-Bootstrap-Grid-System-Part2-Telugu-V1-720p_ibhlr.mp4,success,
297,s3://nw-studio-nkb-uploads/old/otg_prod/10-11-2020/10-11-2020-Approaches-To-EntrepreneurshipPart6-English-V1-720p.mp4,s3://nxtwave-common-media-static/nw-studio-nkb-uploads/old/otg_prod/10-11-2020/10-11-2020-Approaches-To-EntrepreneurshipPart6-English-V1-720p_ibhlr.mp4,success,"IB HUbs In Slide@0m24s(right-to-left,82px);IB Co In Slide@0m24s(right-to-left,82px);Only IB HUbs@0m46s(right-to-left,20px);Logo Bottom Right 2@0m46s(right-to-left,20px);NX IB 3@0m46s(right-to-left,20px)"
298,s3://nw-studio-nkb-uploads/old/otg_prod/10-11-2020/10-11-2020-Approaches-To-EntrepreneurshipPart6-Hindi-V1-720p.mp4,s3://nxtwave-common-media-static/nw-studio-nkb-uploads/old/otg_prod/10-11-2020/10-11-2020-Approaches-To-EntrepreneurshipPart6-Hindi-V1-720p_ibhlr.mp4,success,"Only IB HUbs@1m0s(right-to-left,338px);Logo Bottom Right 2@1m0s(right-to-left,338px);NX IB 3@1m0s(right-to-left,338px);Nxtwave With IB in Slide@1m1s(right-to-left,635px)"
299,s3://nw-studio-nkb-uploads/old/otg_prod/10-11-2020/10-11-2020-approachesToEntrepreneurshipPart6-Telugu-V1-720p.mp4,s3://nxtwave-common-media-static/nw-studio-nkb-uploads/old/otg_prod/10-11-2020/10-11-2020-approachesToEntrepreneurshipPart6-Telugu-V1-720p_ibhlr.mp4,success,
300,s3://nw-studio-nkb-uploads/old/otg_prod/11-11-2020/11-11-2020-approachesToEntrepreneurship-Part7-English-V1-720p.mp4,s3://nxtwave-common-media-static/nw-studio-nkb-uploads/old/otg_prod/11-11-2020/11-11-2020-approachesToEntrepreneurship-Part7-English-V1-720p_ibhlr.mp4,success,"IB HUbs In Slide@0m19s(right-to-left,18px);IB Co In Slide@0m19s(right-to-left,18px)"
301,s3://nw-studio-nkb-uploads/old/otg_prod/11-11-2020/11-11-2020-approachesToEntrepreneurship-Part7-Telugu-V1-720p.mp4,s3://nxtwave-common-media-static/nw-studio-nkb-uploads/old/otg_prod/11-11-2020/11-11-2020-approachesToEntrepreneurship-Part7-Telugu-V1-720p_ibhlr.mp4,success,"IB HUbs In Slide@0m18s(right-to-left,27px);IB Co In Slide@0m18s(right-to-left,27px);Only IB HUbs@0m33s(right-to-left,262px);Logo Bottom Right 2@0m33s(right-to-left,262px);NX IB 3@0m33s(right-to-left,262px);Nxtwave With IB in Slide@0m34s(right-to-left,642px)"
302,s3://nw-studio-nkb-uploads/old/otg_prod/11-11-2020/11-11-2020-bootstrapNavbar-English-V1-720p.mp4,s3://nxtwave-common-media-static/nw-studio-nkb-uploads/old/otg_prod/11-11-2020/11-11-2020-bootstrapNavbar-English-V1-720p_ibhlr.mp4,success,"Only IB HUbs@1m49s(right-to-left,112px);Logo Bottom Right 2@1m49s(right-to-left,111px);NX IB 3@1m49s(right-to-left,111px);Nxtwave With IB in Slide@1m49s(right-to-left,112px)"
303,s3://nw-studio-nkb-uploads/old/otg_prod/11-11-2020/11-11-2020-bootstrapNavbar-Hindi-V1-720p.mp4,s3://nxtwave-common-media-static/nw-studio-nkb-uploads/old/otg_prod/11-11-2020/11-11-2020-bootstrapNavbar-Hindi-V1-720p_ibhlr.mp4,success,"Only IB HUbs@1m51s(right-to-left,105px);Logo Bottom Right 2@1m51s(right-to-left,659px);NX IB 3@1m51s(right-to-left,106px);Nxtwave With IB in Slide@1m51s(right-to-left,659px)"
304,s3://nw-studio-nkb-uploads/old/otg_prod/11-11-2020/11-11-2020-bootstrapNavbar-Hindi-V2-720p.mp4,s3://nxtwave-common-media-static/nw-studio-nkb-uploads/old/otg_prod/11-11-2020/11-11-2020-bootstrapNavbar-Hindi-V2-720p_ibhlr.mp4,success,"Only IB HUbs@1m51s(right-to-left,105px);Logo Bottom Right 2@1m51s(right-to-left,659px);NX IB 3@1m51s(right-to-left,106px);Nxtwave With IB in Slide@1m51s(right-to-left,659px)"
305,s3://nw-studio-nkb-uploads/old/otg_prod/11-11-2020/11-11-2020-bootstrapNavbar-Telugu-V1-720p.mp4,s3://nxtwave-common-media-static/nw-studio-nkb-uploads/old/otg_prod/11-11-2020/11-11-2020-bootstrapNavbar-Telugu-V1-720p_ibhlr.mp4,success,"Only IB HUbs@2m18s(right-to-left,129px);Logo Bottom Right 2@2m18s(right-to-left,128px);NX IB 3@2m18s(right-to-left,128px);Nxtwave With IB in Slide@2m18s(right-to-left,128px)"
306,s3://nw-studio-nkb-uploads/old/otg_prod/11-11-2020/11-11-2020-propertiesOfSortingAlgorithms-English-V1-720p.mp4,s3://nxtwave-common-media-static/nw-studio-nkb-uploads/old/otg_prod/11-11-2020/11-11-2020-propertiesOfSortingAlgorithms-English-V1-720p_ibhlr.mp4,success,
307,s3://nw-studio-nkb-uploads/old/otg_prod/11-11-2020/11-11-2020-settingGoals-English-V1-720p.mp4,s3://nxtwave-common-media-static/nw-studio-nkb-uploads/old/otg_prod/11-11-2020/11-11-2020-settingGoals-English-V1-720p_ibhlr.mp4,success,"NX IB 3@8m33s(top-to-bottom,21px);NX IB 3@10m9s(left-to-right,23px);Only IB HUbs@12m26s(right-to-left,24px);Logo Bottom Right 2@12m26s(right-to-left,23px);NX IB 3@12m26s(right-to-left,23px);NX IB 3@12m32s(top-to-bottom,23px);NX IB 3@13m13s(bottom-to-top,23px);NX IB 3@29m39s(top-to-bottom,21px);NX IB 3@30m42s(bottom-to-top,21px);NX IB 3@34m24s(top-to-bottom,21px);NX IB 3@35m40s(bottom-to-top,21px)"
308,s3://nw-studio-nkb-uploads/old/otg_prod/11-11-2020/11-11-2020-settingGoals-Hindi-V1-720p.mp4,s3://nxtwave-common-media-static/nw-studio-nkb-uploads/old/otg_prod/11-11-2020/11-11-2020-settingGoals-Hindi-V1-720p_ibhlr.mp4,success,"NX IB 3@5m16s(top-to-bottom,21px);NX IB 3@6m21s(left-to-right,23px);Only IB HUbs@6m48s(right-to-left,24px);Logo Bottom Right 2@6m48s(right-to-left,23px);NX IB 3@6m48s(right-to-left,23px);Only IB HUbs@6m48s(right-to-left,24px);Logo Bottom Right 2@6m48s(right-to-left,23px);NX IB 3@6m59s(top-to-bottom,21px);Only IB HUbs@6m59s(left-to-right,24px);Logo Bottom Right 2@6m59s(left-to-right,23px);NX IB 3@7m2s(left-to-right,23px);Only IB HUbs@9m56s(right-to-left,24px);Logo Bottom Right 2@9m56s(right-to-left,23px);NX IB 3@9m56s(right-to-left,23px);NX IB 3@10m1s(top-to-bottom,23px);NX IB 3@10m45s(bottom-to-top,23px);NX IB 3@28m23s(top-to-bottom,21px);NX IB 3@28m35s(bottom-to-top,21px);NX IB 3@29m13s(top-to-bottom,21px);NX IB 3@29m52s(bottom-to-top,21px);NX IB 3@30m11s(top-to-bottom,21px);NX IB 3@30m20s(bottom-to-top,21px);NX IB 3@41m20s(top-to-bottom,23px);NX IB 3@42m57s(bottom-to-top,23px)"
309,s3://nw-studio-nkb-uploads/old/otg_prod/11-11-2020/11-11-2020-settingGoals-Telugu-V1-720p.mp4,s3://nxtwave-common-media-static/nw-studio-nkb-uploads/old/otg_prod/11-11-2020/11-11-2020-settingGoals-Telugu-V1-720p_ibhlr.mp4,success,"NX IB 3@7m38s(top-to-bottom,21px);NX IB 3@8m47s(left-to-right,23px);NX IB 3@9m6s(right-to-left,23px);NX IB 3@9m19s(left-to-right,23px);NX IB 3@9m23s(right-to-left,23px);NX IB 3@9m33s(left-to-right,23px);Only IB HUbs@10m35s(right-to-left,24px);Logo Bottom Right 2@10m35s(right-to-left,23px);NX IB 3@10m35s(right-to-left,23px);NX IB 3@10m40s(top-to-bottom,23px);NX IB 3@11m15s(bottom-to-top,23px);NX IB 3@28m59s(top-to-bottom,21px);NX IB 3@29m1s(bottom-to-top,21px);NX IB 3@29m58s(top-to-bottom,21px);NX IB 3@31m39s(bottom-to-top,21px);NX IB 3@45m41s(bottom-to-top,23px)"
310,s3://nw-studio-nkb-uploads/old/otg_prod/12-11-2020/12-11-2020-IntroductionToIndustrialRevolution4.0VirtualRealityInTraining-Telugu-V1-720p.mp4,s3://nxtwave-common-media-static/nw-studio-nkb-uploads/old/otg_prod/12-11-2020/12-11-2020-IntroductionToIndustrialRevolution4.0VirtualRealityInTraining-Telugu-V1-720p_ibhlr.mp4,success,
311,s3://nw-studio-nkb-uploads/old/otg_prod/12-11-2020/12-11-2020-approachesToEntrepreneurshipPart8-English-V1-720p.mp4,s3://nxtwave-common-media-static/nw-studio-nkb-uploads/old/otg_prod/12-11-2020/12-11-2020-approachesToEntrepreneurshipPart8-English-V1-720p_ibhlr.mp4,success,"IB HUbs In Slide@0m19s(right-to-left,81px);IB Co In Slide@0m19s(right-to-left,81px);Only IB HUbs@0m36s(right-to-left,32px);Logo Bottom Right 2@0m36s(right-to-left,537px);NX IB 3@0m36s(right-to-left,32px)"
312,s3://nw-studio-nkb-uploads/old/otg_prod/12-11-2020/12-11-2020-approachesToEntrepreneurshipPart8-Telugu-V1-720p.mp4,s3://nxtwave-common-media-static/nw-studio-nkb-uploads/old/otg_prod/12-11-2020/12-11-2020-approachesToEntrepreneurshipPart8-Telugu-V1-720p_ibhlr.mp4,success,"IB HUbs In Slide@0m18s(right-to-left,54px);IB Co In Slide@0m18s(right-to-left,54px);Only IB HUbs@0m34s(right-to-left,58px);Logo Bottom Right 2@0m34s(right-to-left,567px);NX IB 3@0m34s(right-to-left,58px)"
313,s3://nw-studio-nkb-uploads/old/otg_prod/12-11-2020/12-11-2020-approachesToEntreprenuershipPart8-Hindi-V1-720p.mp4,s3://nxtwave-common-media-static/nw-studio-nkb-uploads/old/otg_prod/12-11-2020/12-11-2020-approachesToEntreprenuershipPart8-Hindi-V1-720p_ibhlr.mp4,success,"IB HUbs In Slide@0m12s(right-to-left,39px);IB Co In Slide@0m12s(right-to-left,39px);Only IB HUbs@0m48s(left-to-right,24px);Logo Bottom Right 2@0m48s(left-to-right,24px);NX IB 3@0m48s(left-to-right,24px)"
314,s3://nw-studio-nkb-uploads/old/otg_prod/12-11-2020/12-11-2020-introductionToIndustrialRevolution4.0ViratualRealityInTraning-English-V1-720p.mp4,s3://nxtwave-common-media-static/nw-studio-nkb-uploads/old/otg_prod/12-11-2020/12-11-2020-introductionToIndustrialRevolution4.0ViratualRealityInTraning-English-V1-720p_ibhlr.mp4,success,
315,s3://nw-studio-nkb-uploads/old/otg_prod/12-11-2020/12-11-2020-introductionToIndustrialRevolution4.0VirtualRealityInTraining-Hindi-V1-720p.mp4,s3://nxtwave-common-media-static/nw-studio-nkb-uploads/old/otg_prod/12-11-2020/12-11-2020-introductionToIndustrialRevolution4.0VirtualRealityInTraining-Hindi-V1-720p_ibhlr.mp4,success,
316,s3://nw-studio-nkb-uploads/old/otg_prod/12-11-2020/12-11-2020-problemSolvingAndDebuggingPart3-Hindi-V1-720p.mp4,s3://nxtwave-common-media-static/nw-studio-nkb-uploads/old/otg_prod/12-11-2020/12-11-2020-problemSolvingAndDebuggingPart3-Hindi-V1-720p_ibhlr.mp4,success,
317,s3://nw-studio-nkb-uploads/old/otg_prod/12-11-2020/12-11-2020-problemSolvingAndDebuggingPart3-Telugu-V1-720p.mp4,s3://nxtwave-common-media-static/nw-studio-nkb-uploads/old/otg_prod/12-11-2020/12-11-2020-problemSolvingAndDebuggingPart3-Telugu-V1-720p_ibhlr.mp4,success,
318,s3://nw-studio-nkb-uploads/old/otg_prod/12-11-2020/12-11-2020-workingWithMNISTDataset-English-V1-720p.mp4,s3://nxtwave-common-media-static/nw-studio-nkb-uploads/old/otg_prod/12-11-2020/12-11-2020-workingWithMNISTDataset-English-V1-720p_ibhlr.mp4,success,
319,s3://nw-studio-nkb-uploads/old/otg_prod/12-12-2020/12-11-2020-assignmentDayWeek9-mngt-Hindi-V1-720p.mp4,s3://nxtwave-common-media-static/nw-studio-nkb-uploads/old/otg_prod/12-12-2020/12-11-2020-assignmentDayWeek9-mngt-Hindi-V1-720p_ibhlr.mp4,success,
320,s3://nw-studio-nkb-uploads/old/otg_prod/12-12-2020/12-11-2020-assignmentDayWeek9-mngt-Telugu-V1-720p.mp4,s3://nxtwave-common-media-static/nw-studio-nkb-uploads/old/otg_prod/12-12-2020/12-11-2020-assignmentDayWeek9-mngt-Telugu-V1-720p_ibhlr.mp4,success,
321,s3://nw-studio-nkb-uploads/old/otg_prod/12-12-2020/12-11-2020-focusingOnTheRightThingsPart2-xpmf-Hindi-V1-720p.mp4,s3://nxtwave-common-media-static/nw-studio-nkb-uploads/old/otg_prod/12-12-2020/12-11-2020-focusingOnTheRightThingsPart2-xpmf-Hindi-V1-720p_ibhlr.mp4,success,
322,s3://nw-studio-nkb-uploads/old/otg_prod/12-12-2020/12-11-2020-listMethods-tf-Hindi-V1-720p.mp4,s3://nxtwave-common-media-static/nw-studio-nkb-uploads/old/otg_prod/12-12-2020/12-11-2020-listMethods-tf-Hindi-V1-720p_ibhlr.mp4,success,
323,s3://nw-studio-nkb-uploads/ccbp_prod/media/video_content/tech_foundations/programming_foundations/english/13-11-2020-nestedLoops-English-V1.mp4,,error: Expected output not found: ./processed_videos323/13-11-2020-nestedLoops-English-V1_ibhlr.mp4,
324,s3://nw-studio-nkb-uploads/old/otg_prod/13-11-2020/13-11-2020-codeWalkThrough5-English-V1-720p.mp4,s3://nxtwave-common-media-static/nw-studio-nkb-uploads/old/otg_prod/13-11-2020/13-11-2020-codeWalkThrough5-English-V1-720p_ibhlr.mp4,success,
325,s3://nw-studio-nkb-uploads/old/otg_prod/13-11-2020/13-11-2020-introductionToIndustrialRevolution4.0VirtualRealityInTrainingPart2-English-V1-720p.mp4,s3://nxtwave-common-media-static/nw-studio-nkb-uploads/old/otg_prod/13-11-2020/13-11-2020-introductionToIndustrialRevolution4.0VirtualRealityInTrainingPart2-English-V1-720p_ibhlr.mp4,success,
326,s3://nw-studio-nkb-uploads/old/otg_prod/13-11-2020/13-11-2020-introductionToIndustrialRevolution4.0VirtualRealityInTrainingPart2-Hindi-V1-720p.mp4,s3://nxtwave-common-media-static/nw-studio-nkb-uploads/old/otg_prod/13-11-2020/13-11-2020-introductionToIndustrialRevolution4.0VirtualRealityInTrainingPart2-Hindi-V1-720p_ibhlr.mp4,success,
327,s3://nw-studio-nkb-uploads/old/otg_prod/13-11-2020/13-11-2020-introductionToIndustrialRevolution4.0VirtualRealityInTrainingPart2-Telugu-V1-720p.mp4,s3://nxtwave-common-media-static/nw-studio-nkb-uploads/old/otg_prod/13-11-2020/13-11-2020-introductionToIndustrialRevolution4.0VirtualRealityInTrainingPart2-Telugu-V1-720p_ibhlr.mp4,success,
328,s3://nw-studio-nkb-uploads/old/otg_prod/13-11-2020/13-11-2020-nestedLoops-English-V1-720p.mp4,s3://nxtwave-common-media-static/nw-studio-nkb-uploads/old/otg_prod/13-11-2020/13-11-2020-nestedLoops-English-V1-720p_ibhlr.mp4,success,"Nxtwave With IB Small@5m2s(left-to-right,60px)"
329,s3://nw-studio-nkb-uploads/old/otg_prod/13-11-2020/13-11-2020-nestedLoops-tf-Hindi-V1-720p.mp4,s3://nxtwave-common-media-static/nw-studio-nkb-uploads/old/otg_prod/13-11-2020/13-11-2020-nestedLoops-tf-Hindi-V1-720p_ibhlr.mp4,success,"Only IB HUbs@13m38s(right-to-left,122px);Logo Bottom Right 2@13m38s(right-to-left,610px);NX IB 3@13m38s(right-to-left,122px);Only IB HUbs@13m38s(left-to-right,21px);NX IB 3@13m38s(left-to-right,21px);Nxtwave With IB in Slide@13m39s(right-to-left,272px);Only IB HUbs@13m39s(right-to-left,272px);Nxtwave With IB in Slide@13m39s(left-to-right,610px);Only IB HUbs@13m40s(right-to-left,20px);Logo Bottom Right 2@13m40s(right-to-left,21px);NX IB 3@13m40s(right-to-left,21px)"
330,s3://nw-studio-nkb-uploads/old/otg_prod/13-11-2020/13-11-2020-nestedLoops-tf-Telugu-V1-720p.mp4,s3://nxtwave-common-media-static/nw-studio-nkb-uploads/old/otg_prod/13-11-2020/13-11-2020-nestedLoops-tf-Telugu-V1-720p_ibhlr.mp4,success,"Nxtwave With IB Small@5m20s(right-to-left,24px)"
331,s3://nw-studio-nkb-uploads/old/otg_prod/14-12-2020/14-11-2020-implementingPriorityQueuesWithHeaps-cp-English-V1-720p.mp4,s3://nxtwave-common-media-static/nw-studio-nkb-uploads/old/otg_prod/14-12-2020/14-11-2020-implementingPriorityQueuesWithHeaps-cp-English-V1-720p_ibhlr.mp4,success,"Only IB HUbs@11m18s(right-to-left,16px);Logo Bottom Right 2@11m18s(right-to-left,16px);NX IB 3@11m18s(right-to-left,16px)"
332,s3://nw-studio-nkb-uploads/old/otg_prod/14-12-2020/14-11-2020-implementingPriorityQueuesWithHeaps-cp-English-V2-720p.mp4,s3://nxtwave-common-media-static/nw-studio-nkb-uploads/old/otg_prod/14-12-2020/14-11-2020-implementingPriorityQueuesWithHeaps-cp-English-V2-720p_ibhlr.mp4,success,"Only IB HUbs@11m18s(right-to-left,16px);Logo Bottom Right 2@11m18s(right-to-left,16px);NX IB 3@11m18s(right-to-left,16px)"
333,s3://nw-studio-nkb-uploads/ccbp_prod/media/video_content/projects/build_your_own_responsive_website/telugu/16-11-2020-CssSelectorsAndInheritance-pjts-Telugu-V2.mp4,s3://nxtwave-common-media-static/nw-studio-nkb-uploads/ccbp_prod/media/video_content/projects/build_your_own_responsive_website/telugu/16-11-2020-CssSelectorsAndInheritance-pjts-Telugu-V2_ibhlr.mp4,success,
334,s3://nw-studio-nkb-uploads/old/otg_prod/16-11-2020/16-11-2020-CssSelectorsAndInheritance-pjts-English-V1-720p.mp4,s3://nxtwave-common-media-static/nw-studio-nkb-uploads/old/otg_prod/16-11-2020/16-11-2020-CssSelectorsAndInheritance-pjts-English-V1-720p_ibhlr.mp4,success,"Only IB HUbs@1m11s(right-to-left,95px);Logo Bottom Right 2@1m11s(right-to-left,95px);NX IB 3@1m11s(right-to-left,95px);Nxtwave With IB in Slide@1m11s(right-to-left,95px)"
335,s3://nw-studio-nkb-uploads/old/otg_prod/16-11-2020/16-11-2020-CssSelectorsAndInheritance-pjts-Hindi-V1-720p.mp4,s3://nxtwave-common-media-static/nw-studio-nkb-uploads/old/otg_prod/16-11-2020/16-11-2020-CssSelectorsAndInheritance-pjts-Hindi-V1-720p_ibhlr.mp4,success,"Only IB HUbs@2m37s(right-to-left,467px);Logo Bottom Right 2@2m37s(right-to-left,467px);NX IB 3@2m37s(right-to-left,20px);Nxtwave With IB in Slide@2m37s(right-to-left,467px)"
336,s3://nw-studio-nkb-uploads/old/otg_prod/16-11-2020/16-11-2020-CssSelectorsAndInheritance-pjts-Telugu-V1-720p.mp4,s3://nxtwave-common-media-static/nw-studio-nkb-uploads/old/otg_prod/16-11-2020/16-11-2020-CssSelectorsAndInheritance-pjts-Telugu-V1-720p_ibhlr.mp4,success,"Only IB HUbs@2m26s(right-to-left,85px);Logo Bottom Right 2@2m26s(right-to-left,84px);NX IB 3@2m26s(right-to-left,84px);Nxtwave With IB in Slide@2m26s(right-to-left,85px)"
337,s3://nw-studio-nkb-uploads/old/otg_prod/16-11-2020/16-11-2020-cssSelectorsAndInheritance-English-pjts-V1-720p.mp4,s3://nxtwave-common-media-static/nw-studio-nkb-uploads/old/otg_prod/16-11-2020/16-11-2020-cssSelectorsAndInheritance-English-pjts-V1-720p_ibhlr.mp4,success,"Only IB HUbs@1m11s(right-to-left,95px);Logo Bottom Right 2@1m11s(right-to-left,95px);NX IB 3@1m11s(right-to-left,95px);Nxtwave With IB in Slide@1m11s(right-to-left,95px)"
338,s3://nw-studio-nkb-uploads/old/otg_prod/16-11-2020/16-11-2020-solvingHandwrittenDigitRecognitionUsingKNN-ai-ml-English-V1-720p.mp4,s3://nxtwave-common-media-static/nw-studio-nkb-uploads/old/otg_prod/16-11-2020/16-11-2020-solvingHandwrittenDigitRecognitionUsingKNN-ai-ml-English-V1-720p_ibhlr.mp4,success,
339,s3://nw-studio-nkb-uploads/old/otg_prod/16-11-2020/16-11-2020-stacks-cp-English-V1-720p.mp4,s3://nxtwave-common-media-static/nw-studio-nkb-uploads/old/otg_prod/16-11-2020/16-11-2020-stacks-cp-English-V1-720p_ibhlr.mp4,success,
340,s3://nw-studio-nkb-uploads/old/otg_prod/17-11-2020/17-11-2020-CssSpecificityAndCascade-pjts-Telugu-V1-720p.mp4,s3://nxtwave-common-media-static/nw-studio-nkb-uploads/old/otg_prod/17-11-2020/17-11-2020-CssSpecificityAndCascade-pjts-Telugu-V1-720p_ibhlr.mp4,success,"Only IB HUbs@0m45s(right-to-left,134px);Logo Bottom Right 2@0m45s(right-to-left,133px);NX IB 3@0m45s(right-to-left,133px);Nxtwave With IB in Slide@0m45s(right-to-left,133px)"
341,s3://nw-studio-nkb-uploads/old/otg_prod/17-11-2020/17-11-2020-approachesToEntrepreneurshipPart9-mngt-English-V1-720p.mp4,s3://nxtwave-common-media-static/nw-studio-nkb-uploads/old/otg_prod/17-11-2020/17-11-2020-approachesToEntrepreneurshipPart9-mngt-English-V1-720p_ibhlr.mp4,success,"Big IB HUbs In Slide@0m23s(right-to-left,101px);Only IB HUbs@0m52s(right-to-left,102px);Logo Bottom Right 2@0m52s(right-to-left,989px);NX IB 3@0m52s(right-to-left,103px)"
342,s3://nw-studio-nkb-uploads/old/otg_prod/17-11-2020/17-11-2020-approachesToEntrepreneurshipPart9-mngt-Hindi-V1-720p.mp4,s3://nxtwave-common-media-static/nw-studio-nkb-uploads/old/otg_prod/17-11-2020/17-11-2020-approachesToEntrepreneurshipPart9-mngt-Hindi-V1-720p_ibhlr.mp4,success,"IB HUbs In Slide@0m11s(right-to-left,54px);IB Co In Slide@0m11s(right-to-left,54px);Only IB HUbs@0m34s(right-to-left,72px);Logo Bottom Right 2@0m34s(right-to-left,907px);NX IB 3@0m34s(right-to-left,72px)"
343,s3://nw-studio-nkb-uploads/old/otg_prod/17-11-2020/17-11-2020-approachesToEntrepreneurshipPart9-mngt-Telugu-V1-720p.mp4,s3://nxtwave-common-media-static/nw-studio-nkb-uploads/old/otg_prod/17-11-2020/17-11-2020-approachesToEntrepreneurshipPart9-mngt-Telugu-V1-720p_ibhlr.mp4,success,"IB HUbs In Slide@0m17s(right-to-left,26px);IB Co In Slide@0m17s(right-to-left,26px);Only IB HUbs@0m39s(right-to-left,65px);Logo Bottom Right 2@0m39s(right-to-left,65px);NX IB 3@0m39s(right-to-left,65px)"
344,s3://nw-studio-nkb-uploads/old/otg_prod/17-11-2020/17-11-2020-cssSpecificityAndCascade-pjts-English-V1-720p.mp4,s3://nxtwave-common-media-static/nw-studio-nkb-uploads/old/otg_prod/17-11-2020/17-11-2020-cssSpecificityAndCascade-pjts-English-V1-720p_ibhlr.mp4,success,"Only IB HUbs@1m58s(right-to-left,135px);Logo Bottom Right 2@1m58s(right-to-left,134px);NX IB 3@1m58s(right-to-left,134px);Nxtwave With IB in Slide@1m58s(right-to-left,134px)"
345,s3://nw-studio-nkb-uploads/old/otg_prod/17-11-2020/17-11-2020-cssSpecificityAndCascade-pjts-Hindi-V1-720p.mp4,s3://nxtwave-common-media-static/nw-studio-nkb-uploads/old/otg_prod/17-11-2020/17-11-2020-cssSpecificityAndCascade-pjts-Hindi-V1-720p_ibhlr.mp4,success,"Only IB HUbs@1m1s(right-to-left,125px);Logo Bottom Right 2@1m1s(right-to-left,125px);NX IB 3@1m1s(right-to-left,125px);Nxtwave With IB in Slide@1m1s(right-to-left,124px)"
346,s3://nw-studio-nkb-uploads/old/otg_prod/17-11-2020/17-11-2020-cssSpecificityAndCascade-pjts-Telugu-V1-720p.mp4,s3://nxtwave-common-media-static/nw-studio-nkb-uploads/old/otg_prod/17-11-2020/17-11-2020-cssSpecificityAndCascade-pjts-Telugu-V1-720p_ibhlr.mp4,success,"Only IB HUbs@0m53s(right-to-left,169px);Logo Bottom Right 2@0m53s(right-to-left,170px);NX IB 3@0m53s(right-to-left,170px);Nxtwave With IB in Slide@0m53s(right-to-left,169px)"
347,s3://nw-studio-nkb-uploads/old/otg_prod/17-11-2020/17-11-2020-introductionToIndustrialRevolution4.0 VirtualRealityInTraining-dr-apj-English-V1-720p.mp4,s3://nxtwave-common-media-static/nw-studio-nkb-uploads/old/otg_prod/17-11-2020/17-11-2020-introductionToIndustrialRevolution4.0 VirtualRealityInTraining-dr-apj-English-V1-720p_ibhlr.mp4,success,
348,s3://nw-studio-nkb-uploads/old/otg_prod/17-11-2020/17-11-2020-introductionToIndustrialRevolution4.0 VirtualRealityInTraining-dr-apj-Telugu-V1-720p.mp4,s3://nxtwave-common-media-static/nw-studio-nkb-uploads/old/otg_prod/17-11-2020/17-11-2020-introductionToIndustrialRevolution4.0 VirtualRealityInTraining-dr-apj-Telugu-V1-720p_ibhlr.mp4,success,
349,s3://nw-studio-nkb-uploads/old/otg_prod/17-11-2020/17-11-2020-introductionToIndustrialRevolution4.0InternetOfThingsPart1-dr-apj-Hindi-V1-720p.mp4,s3://nxtwave-common-media-static/nw-studio-nkb-uploads/old/otg_prod/17-11-2020/17-11-2020-introductionToIndustrialRevolution4.0InternetOfThingsPart1-dr-apj-Hindi-V1-720p_ibhlr.mp4,success,
350,s3://nw-studio-nkb-uploads/old/otg_prod/17-11-2020/17-11-2020-introductionToIndustrialRevolution4.0VirtualRealityInTrainingPart1-dr-apj-English-V1-720p.mp4,s3://nxtwave-common-media-static/nw-studio-nkb-uploads/old/otg_prod/17-11-2020/17-11-2020-introductionToIndustrialRevolution4.0VirtualRealityInTrainingPart1-dr-apj-English-V1-720p_ibhlr.mp4,success,
351,s3://nw-studio-nkb-uploads/old/otg_prod/17-11-2020/17-11-2020-introductionToIndustrialRevolution4.0VirtualRealityInTrainingPart1-dr-apj-Telugu-V1-720p.mp4,s3://nxtwave-common-media-static/nw-studio-nkb-uploads/old/otg_prod/17-11-2020/17-11-2020-introductionToIndustrialRevolution4.0VirtualRealityInTrainingPart1-dr-apj-Telugu-V1-720p_ibhlr.mp4,success,
352,s3://nw-studio-nkb-uploads/old/otg_prod/18-11-2020/18-11-2020-approachToSolveCodingAssignments-ai-ml-English-V1-720p.mp4,s3://nxtwave-common-media-static/nw-studio-nkb-uploads/old/otg_prod/18-11-2020/18-11-2020-approachToSolveCodingAssignments-ai-ml-English-V1-720p_ibhlr.mp4,success,
353,s3://nw-studio-nkb-uploads/old/otg_prod/18-11-2020/18-11-2020-approachesToEntrepreneurshipPart10-mngt-English-V1-720p.mp4,s3://nxtwave-common-media-static/nw-studio-nkb-uploads/old/otg_prod/18-11-2020/18-11-2020-approachesToEntrepreneurshipPart10-mngt-English-V1-720p_ibhlr.mp4,success,"IB HUbs In Slide@0m27s(right-to-left,45px);IB Co In Slide@0m27s(right-to-left,45px);Only IB HUbs@0m54s(right-to-left,142px);Logo Bottom Right 2@0m54s(right-to-left,143px);NX IB 3@0m54s(right-to-left,143px)"
354,s3://nw-studio-nkb-uploads/old/otg_prod/18-11-2020/18-11-2020-approachesToEntrepreneurshipPart10-mngt-Telugu-V1-720p.mp4,s3://nxtwave-common-media-static/nw-studio-nkb-uploads/old/otg_prod/18-11-2020/18-11-2020-approachesToEntrepreneurshipPart10-mngt-Telugu-V1-720p_ibhlr.mp4,success,"IB HUbs In Slide@0m24s(right-to-left,16px);IB Co In Slide@0m24s(right-to-left,16px);Only IB HUbs@0m43s(right-to-left,97px);Logo Bottom Right 2@0m43s(right-to-left,952px);NX IB 3@0m43s(right-to-left,97px)"
355,s3://nw-studio-nkb-uploads/old/otg_prod/18-11-2020/18-11-2020-buildingYourOwnResponsiveWebsite-BannerSection-pjts-English-V1-720p.mp4,s3://nxtwave-common-media-static/nw-studio-nkb-uploads/old/otg_prod/18-11-2020/18-11-2020-buildingYourOwnResponsiveWebsite-BannerSection-pjts-English-V1-720p_ibhlr.mp4,success,"Only IB HUbs@44m45s(left-to-right,28px);Logo Bottom Right 2@44m45s(left-to-right,29px);NX IB 3@44m45s(left-to-right,29px)"
356,s3://nw-studio-nkb-uploads/old/otg_prod/18-11-2020/18-11-2020-buildingYourOwnResponsiveWebsite-BannerSection-pjts-Hindi-V1-720p.mp4,s3://nxtwave-common-media-static/nw-studio-nkb-uploads/old/otg_prod/18-11-2020/18-11-2020-buildingYourOwnResponsiveWebsite-BannerSection-pjts-Hindi-V1-720p_ibhlr.mp4,success,"Only IB HUbs@47m51s(left-to-right,28px);Logo Bottom Right 2@47m51s(left-to-right,29px);NX IB 3@47m51s(left-to-right,29px);Only IB HUbs@51m28s(bottom-to-top,0px);Logo Bottom Right 2@51m28s(bottom-to-top,0px);NX IB 3@51m28s(bottom-to-top,0px);Only IB HUbs@51m35s(left-to-right,12px);Logo Bottom Right 2@51m35s(left-to-right,12px);NX IB 3@51m35s(left-to-right,12px);Only IB HUbs@52m4s(right-to-left,12px);Logo Bottom Right 2@52m4s(right-to-left,12px);NX IB 3@52m4s(right-to-left,12px);Only IB HUbs@52m8s(left-to-right,12px);Logo Bottom Right 2@52m8s(left-to-right,12px);NX IB 3@52m8s(left-to-right,12px);Only IB HUbs@55m11s(right-to-left,40px);Logo Bottom Right 2@55m11s(right-to-left,41px);NX IB 3@55m11s(right-to-left,41px)"
357,s3://nw-studio-nkb-uploads/old/otg_prod/18-11-2020/18-11-2020-buildingYourOwnResponsiveWebsiteBannerSection-pjts-Telugu-V1-720p.mp4,s3://nxtwave-common-media-static/nw-studio-nkb-uploads/old/otg_prod/18-11-2020/18-11-2020-buildingYourOwnResponsiveWebsiteBannerSection-pjts-Telugu-V1-720p_ibhlr.mp4,success,"Only IB HUbs@36m27s(left-to-right,28px);Logo Bottom Right 2@36m27s(left-to-right,29px);NX IB 3@36m27s(left-to-right,29px)"
358,s3://nw-studio-nkb-uploads/old/otg_prod/18-11-2020/18-11-2020-creatingMentalImages-Hindi-dr-apj-V1-720p.mp4,s3://nxtwave-common-media-static/nw-studio-nkb-uploads/old/otg_prod/18-11-2020/18-11-2020-creatingMentalImages-Hindi-dr-apj-V1-720p_ibhlr.mp4,success,
359,s3://nw-studio-nkb-uploads/old/otg_prod/18-11-2020/18-11-2020-creatingMentalImages-Hindi-xpmf-V1-720p.mp4,s3://nxtwave-common-media-static/nw-studio-nkb-uploads/old/otg_prod/18-11-2020/18-11-2020-creatingMentalImages-Hindi-xpmf-V1-720p_ibhlr.mp4,success,
360,s3://nw-studio-nkb-uploads/old/otg_prod/18-11-2020/18-11-2020-creatingMentalImages-dr-apj-English-V1-720p.mp4,s3://nxtwave-common-media-static/nw-studio-nkb-uploads/old/otg_prod/18-11-2020/18-11-2020-creatingMentalImages-dr-apj-English-V1-720p_ibhlr.mp4,success,
361,s3://nw-studio-nkb-uploads/old/otg_prod/18-11-2020/18-11-2020-creatingMentalImages-dr-apj-Hindi-V1-720p.mp4,s3://nxtwave-common-media-static/nw-studio-nkb-uploads/old/otg_prod/18-11-2020/18-11-2020-creatingMentalImages-dr-apj-Hindi-V1-720p_ibhlr.mp4,success,
362,s3://nw-studio-nkb-uploads/old/otg_prod/18-11-2020/18-11-2020-creatingMentalImages-dr-apj-Telugu-V1-720p.mp4,s3://nxtwave-common-media-static/nw-studio-nkb-uploads/old/otg_prod/18-11-2020/18-11-2020-creatingMentalImages-dr-apj-Telugu-V1-720p_ibhlr.mp4,success,
363,s3://nw-studio-nkb-uploads/old/otg_prod/18-11-2020/18-11-2020-creatingMentalImages-xpmf-English-V1-720p.mp4,s3://nxtwave-common-media-static/nw-studio-nkb-uploads/old/otg_prod/18-11-2020/18-11-2020-creatingMentalImages-xpmf-English-V1-720p_ibhlr.mp4,success,
364,s3://nw-studio-nkb-uploads/old/otg_prod/18-11-2020/18-11-2020-creatingMentalImages-xpmf-Telugu-V1-720p.mp4,s3://nxtwave-common-media-static/nw-studio-nkb-uploads/old/otg_prod/18-11-2020/18-11-2020-creatingMentalImages-xpmf-Telugu-V1-720p_ibhlr.mp4,success,
365,s3://nw-studio-nkb-uploads/old/otg_prod/18-11-2020/18-11-2020-stackLibraryC-cp-English-V1-720p.mp4,s3://nxtwave-common-media-static/nw-studio-nkb-uploads/old/otg_prod/18-11-2020/18-11-2020-stackLibraryC-cp-English-V1-720p_ibhlr.mp4,success,
366,s3://nw-studio-nkb-uploads/old/otg_prod/18-11-2020/18-11-2020-stackLibraryJava-cp-English-V1-720p.mp4,s3://nxtwave-common-media-static/nw-studio-nkb-uploads/old/otg_prod/18-11-2020/18-11-2020-stackLibraryJava-cp-English-V1-720p_ibhlr.mp4,success,
367,s3://nw-studio-nkb-uploads/old/otg_prod/18-11-2020/18-11-2020-stackLibraryPython-cp-English-V1-720p.mp4,s3://nxtwave-common-media-static/nw-studio-nkb-uploads/old/otg_prod/18-11-2020/18-11-2020-stackLibraryPython-cp-English-V1-720p_ibhlr.mp4,success,
368,s3://nw-studio-nkb-uploads/old/otg_prod/5-12-2020/18-11-2020-VariablesAndDataTypes-tf-English-V3-720p.mp4,s3://nxtwave-common-media-static/nw-studio-nkb-uploads/old/otg_prod/5-12-2020/18-11-2020-VariablesAndDataTypes-tf-English-V3-720p_ibhlr.mp4,success,"Only IB HUbs@5m26s(right-to-left,10px);Logo Bottom Right 2@5m26s(right-to-left,11px);NX IB 3@5m26s(right-to-left,11px);Nxtwave With IB in Slide@5m27s(left-to-right,107px)"
369,s3://nw-studio-nkb-uploads/old/otg_prod/5-12-2020/18-11-2020-VariablesAndDataTypes-tf-Hindi-V2-720p.mp4,s3://nxtwave-common-media-static/nw-studio-nkb-uploads/old/otg_prod/5-12-2020/18-11-2020-VariablesAndDataTypes-tf-Hindi-V2-720p_ibhlr.mp4,success,"Nxtwave With IB Small@5m29s(right-to-left,79px)"
370,s3://nw-studio-nkb-uploads/old/otg_prod/5-12-2020/18-11-2020-Week1AssignmentDay-mngt-English-V2-720p.mp4,s3://nxtwave-common-media-static/nw-studio-nkb-uploads/old/otg_prod/5-12-2020/18-11-2020-Week1AssignmentDay-mngt-English-V2-720p_ibhlr.mp4,success,"IB HUbs In Slide@0m11s(right-to-left,35px);IB Co In Slide@0m11s(right-to-left,34px);Medium IB HUbs Author In Slide@21m55s(bottom-to-top,29px);IB HUbs Full Screen@21m55s(bottom-to-top,29px)"
371,s3://nw-studio-nkb-uploads/old/otg_prod/5-12-2020/18-11-2020-Week1AssignmentDay-mngt-Hindi-V2-720p.mp4,s3://nxtwave-common-media-static/nw-studio-nkb-uploads/old/otg_prod/5-12-2020/18-11-2020-Week1AssignmentDay-mngt-Hindi-V2-720p_ibhlr.mp4,success,"IB HUbs In Slide@0m18s(right-to-left,64px)"
372,s3://nw-studio-nkb-uploads/old/otg_prod/5-12-2020/18-11-2020-variablesAndDatatypes-tf-Telugu-V3-720p.mp4,s3://nxtwave-common-media-static/nw-studio-nkb-uploads/old/otg_prod/5-12-2020/18-11-2020-variablesAndDatatypes-tf-Telugu-V3-720p_ibhlr.mp4,success,"Nxtwave With IB Small@3m50s(right-to-left,41px)"
373,s3://nw-studio-nkb-uploads/old/otg_prod/5-12-2020/18-11-2020-week1AssignmentDay-mngt-Telugu-V2-720p.mp4,s3://nxtwave-common-media-static/nw-studio-nkb-uploads/old/otg_prod/5-12-2020/18-11-2020-week1AssignmentDay-mngt-Telugu-V2-720p_ibhlr.mp4,success,"IB HUbs In Slide@0m13s(right-to-left,56px);IB Co In Slide@0m13s(right-to-left,55px);Nxtwave With IB Small@21m59s(bottom-to-top,175px)"
374,s3://nw-studio-nkb-uploads/ccbp_prod/media/video_content/tech_foundations/programming_foundations/telugu/19-11-2020-loopControlStatements-Telugu-V2.mp4,,error: Expected output not found: ./processed_videos374/19-11-2020-loopControlStatements-Telugu-V2_ibhlr.mp4,
375,s3://nw-studio-nkb-uploads/old/otg_prod/19-11-2020/19-11-2020-introductionToIndustrialRevolution4.0InternetOfThingsSmartCities-dr-apj-English-V1-720p.mp4,s3://nxtwave-common-media-static/nw-studio-nkb-uploads/old/otg_prod/19-11-2020/19-11-2020-introductionToIndustrialRevolution4.0InternetOfThingsSmartCities-dr-apj-English-V1-720p_ibhlr.mp4,success,
376,s3://nw-studio-nkb-uploads/old/otg_prod/19-11-2020/19-11-2020-loopControlStatements-tf-English-V1-720p.mp4,s3://nxtwave-common-media-static/nw-studio-nkb-uploads/old/otg_prod/19-11-2020/19-11-2020-loopControlStatements-tf-English-V1-720p_ibhlr.mp4,success,"Only IB HUbs@6m32s(right-to-left,12px);Logo Bottom Right 2@6m32s(right-to-left,12px);NX IB 3@6m32s(right-to-left,12px)"
377,s3://nw-studio-nkb-uploads/old/otg_prod/19-11-2020/19-11-2020-loopControlStatements-tf-Hindi-V1-720p.mp4,s3://nxtwave-common-media-static/nw-studio-nkb-uploads/old/otg_prod/19-11-2020/19-11-2020-loopControlStatements-tf-Hindi-V1-720p_ibhlr.mp4,success,"Only IB HUbs@8m27s(right-to-left,141px);Logo Bottom Right 2@8m27s(right-to-left,142px);NX IB 3@8m27s(right-to-left,142px)"
378,s3://nw-studio-nkb-uploads/old/otg_prod/19-11-2020/19-11-2020-loopControlStatements-tf-Telugu-V2-720p.mp4,s3://nxtwave-common-media-static/nw-studio-nkb-uploads/old/otg_prod/19-11-2020/19-11-2020-loopControlStatements-tf-Telugu-V2-720p_ibhlr.mp4,success,
379,s3://nw-studio-nkb-uploads/old/otg_prod/26-11-2020/19-11-2020-loopControlStatements-English-V1-720p-AnimatedLogo.mp4,s3://nxtwave-common-media-static/nw-studio-nkb-uploads/old/otg_prod/26-11-2020/19-11-2020-loopControlStatements-English-V1-720p-AnimatedLogo_ibhlr.mp4,success,"Only IB HUbs@6m37s(right-to-left,69px);Logo Bottom Right 2@6m37s(right-to-left,69px);NX IB 3@6m37s(right-to-left,69px);Nxtwave With IB in Slide@6m38s(left-to-right,58px)"
380,s3://nw-studio-nkb-uploads/old/otg_prod/20-11-2020/20-11-2020-Approaches to EntrepreneurshipPart 11-mngt-Hindi-V1-720p.mp4,s3://nxtwave-common-media-static/nw-studio-nkb-uploads/old/otg_prod/20-11-2020/20-11-2020-Approaches to EntrepreneurshipPart 11-mngt-Hindi-V1-720p_ibhlr.mp4,success,"IB HUbs In Slide@0m10s(right-to-left,17px);IB Co In Slide@0m10s(right-to-left,17px);Only IB HUbs@0m44s(right-to-left,274px);Logo Bottom Right 2@0m44s(right-to-left,275px);NX IB 3@0m44s(right-to-left,275px);Nxtwave With IB in Slide@0m45s(right-to-left,613px)"
381,s3://nw-studio-nkb-uploads/old/otg_prod/20-11-2020/20-11-2020-approachesToEntrepreneurshipPart11-mngt-English-V1-720p.mp4,s3://nxtwave-common-media-static/nw-studio-nkb-uploads/old/otg_prod/20-11-2020/20-11-2020-approachesToEntrepreneurshipPart11-mngt-English-V1-720p_ibhlr.mp4,success,"IB HUbs In Slide@0m19s(right-to-left,50px);IB Co In Slide@0m19s(right-to-left,50px);Only IB HUbs@0m39s(right-to-left,198px);Logo Bottom Right 2@0m39s(right-to-left,199px);NX IB 3@0m39s(right-to-left,199px);Nxtwave With IB in Slide@0m40s(right-to-left,567px)"
382,s3://nw-studio-nkb-uploads/old/otg_prod/20-11-2020/20-11-2020-approachesToEntrepreneurshipPart11-mngt-Hindi-V1-720p.mp4,s3://nxtwave-common-media-static/nw-studio-nkb-uploads/old/otg_prod/20-11-2020/20-11-2020-approachesToEntrepreneurshipPart11-mngt-Hindi-V1-720p_ibhlr.mp4,success,"IB HUbs In Slide@0m10s(right-to-left,17px);IB Co In Slide@0m10s(right-to-left,17px);Only IB HUbs@0m44s(right-to-left,274px);Logo Bottom Right 2@0m44s(right-to-left,275px);NX IB 3@0m44s(right-to-left,275px);Nxtwave With IB in Slide@0m45s(right-to-left,613px)"
383,s3://nw-studio-nkb-uploads/old/otg_prod/20-11-2020/20-11-2020-approachesToEntrepreneurshipPart11-mngt-Telugu-V1-720p.mp4,s3://nxtwave-common-media-static/nw-studio-nkb-uploads/old/otg_prod/20-11-2020/20-11-2020-approachesToEntrepreneurshipPart11-mngt-Telugu-V1-720p_ibhlr.mp4,success,
384,s3://nw-studio-nkb-uploads/old/otg_prod/20-11-2020/20-11-2020-comparingStringsAndNamingVariables-tf-English-V1-720p.mp4,s3://nxtwave-common-media-static/nw-studio-nkb-uploads/old/otg_prod/20-11-2020/20-11-2020-comparingStringsAndNamingVariables-tf-English-V1-720p_ibhlr.mp4,success,"Only IB HUbs@6m28s(right-to-left,87px);Logo Bottom Right 2@6m28s(right-to-left,937px);NX IB 3@6m28s(right-to-left,87px);Nxtwave With IB in Slide@6m29s(left-to-right,926px)"
385,s3://nw-studio-nkb-uploads/old/otg_prod/20-11-2020/20-11-2020-comparingStringsAndNamingVariables-tf-Hindi-V1-720p.mp4,s3://nxtwave-common-media-static/nw-studio-nkb-uploads/old/otg_prod/20-11-2020/20-11-2020-comparingStringsAndNamingVariables-tf-Hindi-V1-720p_ibhlr.mp4,success,
386,s3://nw-studio-nkb-uploads/old/otg_prod/20-11-2020/20-11-2020-comparingStringsAndNamingVariables-tf-Telugu-V1-720p.mp4,s3://nxtwave-common-media-static/nw-studio-nkb-uploads/old/otg_prod/20-11-2020/20-11-2020-comparingStringsAndNamingVariables-tf-Telugu-V1-720p_ibhlr.mp4,success,"Only IB HUbs@3m32s(right-to-left,38px);Logo Bottom Right 2@3m32s(right-to-left,518px);NX IB 3@3m32s(right-to-left,38px);Nxtwave With IB in Slide@3m33s(left-to-right,507px)"
387,s3://nw-studio-nkb-uploads/old/otg_prod/20-11-2020/20-11-2020-implementingKnnFromScratch-ai-ml-English-V1-720p.mp4,s3://nxtwave-common-media-static/nw-studio-nkb-uploads/old/otg_prod/20-11-2020/20-11-2020-implementingKnnFromScratch-ai-ml-English-V1-720p_ibhlr.mp4,success,
388,s3://nw-studio-nkb-uploads/old/otg_prod/20-11-2020/20-11-2020-queueLibraryC-cp-English-V1-720p.mp4,s3://nxtwave-common-media-static/nw-studio-nkb-uploads/old/otg_prod/20-11-2020/20-11-2020-queueLibraryC-cp-English-V1-720p_ibhlr.mp4,success,
389,s3://nw-studio-nkb-uploads/old/otg_prod/20-11-2020/20-11-2020-queueLibraryJava-cp-English-V1-720p.mp4,s3://nxtwave-common-media-static/nw-studio-nkb-uploads/old/otg_prod/20-11-2020/20-11-2020-queueLibraryJava-cp-English-V1-720p_ibhlr.mp4,success,
390,s3://nw-studio-nkb-uploads/old/otg_prod/20-11-2020/20-11-2020-queueLibraryPython-cp-English-V1-720p.mp4,s3://nxtwave-common-media-static/nw-studio-nkb-uploads/old/otg_prod/20-11-2020/20-11-2020-queueLibraryPython-cp-English-V1-720p_ibhlr.mp4,success,
391,s3://nw-studio-nkb-uploads/old/otg_prod/20-11-2020/20-11-2020-queues-cp-English-V1-720p.mp4,s3://nxtwave-common-media-static/nw-studio-nkb-uploads/old/otg_prod/20-11-2020/20-11-2020-queues-cp-English-V1-720p_ibhlr.mp4,success,
392,s3://nw-studio-nkb-uploads/old/otg_prod/21-11-2020/21-11-2020-assignmentsWeek6&7-mngt-Telugu-V1-720p.mp4,s3://nxtwave-common-media-static/nw-studio-nkb-uploads/old/otg_prod/21-11-2020/21-11-2020-assignmentsWeek6&7-mngt-Telugu-V1-720p_ibhlr.mp4,success,"Medium IB HUbs Author In Slide@2m46s(bottom-to-top,87px);IB HUbs Full Screen@2m46s(bottom-to-top,87px);Medium IB HUbs Author In Slide@2m46s(bottom-to-top,207px);IB HUbs Full Screen@2m46s(bottom-to-top,207px);Medium IB HUbs Author In Slide@5m57s(bottom-to-top,215px);IB HUbs Full Screen@5m57s(bottom-to-top,214px);Medium IB HUbs Author In Slide@7m6s(bottom-to-top,87px);IB HUbs Full Screen@7m6s(bottom-to-top,88px);Medium IB HUbs Author In Slide@9m31s(bottom-to-top,38px);IB HUbs Full Screen@9m31s(bottom-to-top,38px);Medium IB HUbs Author In Slide@11m3s(bottom-to-top,15px);IB HUbs Full Screen@11m3s(bottom-to-top,16px)"
393,s3://nw-studio-nkb-uploads/old/otg_prod/21-11-2020/21-11-2020-assignmentsWeek6And7-mngt-English-V1-720p.mp4,s3://nxtwave-common-media-static/nw-studio-nkb-uploads/old/otg_prod/21-11-2020/21-11-2020-assignmentsWeek6And7-mngt-English-V1-720p_ibhlr.mp4,success,"Medium IB HUbs Author In Slide@1m45s(top-to-bottom,169px);IB HUbs Full Screen@1m45s(top-to-bottom,168px);Medium IB HUbs Author In Slide@2m51s(bottom-to-top,168px);IB HUbs Full Screen@2m51s(bottom-to-top,168px);Medium IB HUbs Author In Slide@2m51s(bottom-to-top,160px);IB HUbs Full Screen@2m51s(bottom-to-top,160px);Medium IB HUbs Author In Slide@5m47s(bottom-to-top,58px);IB HUbs Full Screen@5m47s(bottom-to-top,57px);Medium IB HUbs Author In Slide@5m54s(bottom-to-top,25px);IB HUbs Full Screen@5m47s(bottom-to-top,28px);Medium IB HUbs Author In Slide@10m12s(bottom-to-top,20px);IB HUbs Full Screen@10m12s(bottom-to-top,20px);Medium IB HUbs Author In Slide@11m56s(bottom-to-top,232px)"
394,s3://nw-studio-nkb-uploads/old/otg_prod/21-11-2020/21-11-2020-assignmentsWeek6And7-mngt-Hindi-V1-720p.mp4,s3://nxtwave-common-media-static/nw-studio-nkb-uploads/old/otg_prod/21-11-2020/21-11-2020-assignmentsWeek6And7-mngt-Hindi-V1-720p_ibhlr.mp4,success,
395,s3://nw-studio-nkb-uploads/old/otg_prod/21-11-2020/21-11-2020-assignmentsWeek6And7-mngt-Telugu-V1-720p.mp4,s3://nxtwave-common-media-static/nw-studio-nkb-uploads/old/otg_prod/21-11-2020/21-11-2020-assignmentsWeek6And7-mngt-Telugu-V1-720p_ibhlr.mp4,success,"Medium IB HUbs Author In Slide@2m46s(bottom-to-top,87px);IB HUbs Full Screen@2m46s(bottom-to-top,87px);Medium IB HUbs Author In Slide@2m46s(bottom-to-top,207px);IB HUbs Full Screen@2m46s(bottom-to-top,207px);Medium IB HUbs Author In Slide@5m57s(bottom-to-top,215px);IB HUbs Full Screen@5m57s(bottom-to-top,214px);Medium IB HUbs Author In Slide@7m6s(bottom-to-top,87px);IB HUbs Full Screen@7m6s(bottom-to-top,88px);Medium IB HUbs Author In Slide@9m31s(bottom-to-top,38px);IB HUbs Full Screen@9m31s(bottom-to-top,38px);Medium IB HUbs Author In Slide@11m3s(bottom-to-top,15px);IB HUbs Full Screen@11m3s(bottom-to-top,16px)"
396,s3://nw-studio-nkb-uploads/old/otg_prod/21-11-2020/21-11-2020-beingConsistent-xpmf-English-V1-720p.mp4,s3://nxtwave-common-media-static/nw-studio-nkb-uploads/old/otg_prod/21-11-2020/21-11-2020-beingConsistent-xpmf-English-V1-720p_ibhlr.mp4,success,
397,s3://nw-studio-nkb-uploads/old/otg_prod/21-11-2020/21-11-2020-beingConsistent-xpmf-Hindi-V1-720p.mp4,s3://nxtwave-common-media-static/nw-studio-nkb-uploads/old/otg_prod/21-11-2020/21-11-2020-beingConsistent-xpmf-Hindi-V1-720p_ibhlr.mp4,success,
398,s3://nw-studio-nkb-uploads/old/otg_prod/21-11-2020/21-11-2020-beingConsistent-xpmf-Telugu-V1-720p.mp4,s3://nxtwave-common-media-static/nw-studio-nkb-uploads/old/otg_prod/21-11-2020/21-11-2020-beingConsistent-xpmf-Telugu-V1-720p_ibhlr.mp4,success,
399,s3://nw-studio-nkb-uploads/old/otg_prod/21-11-2020/21-11-2020-problemSolvingAndDebugging-Part4-tf-English-V1-720p.mp4,s3://nxtwave-common-media-static/nw-studio-nkb-uploads/old/otg_prod/21-11-2020/21-11-2020-problemSolvingAndDebugging-Part4-tf-English-V1-720p_ibhlr.mp4,success,"Only IB HUbs@4m4s(right-to-left,32px);Logo Bottom Right 2@4m4s(right-to-left,790px);NX IB 3@4m4s(right-to-left,32px);Nxtwave With IB in Slide@4m5s(left-to-right,780px)"
